PassengerId,Survived,Pclass,Age,SibSp,Parch,Fare,Sex_Encoded,Embarked_C,Embarked_Q,Embarked_S,Age_Normalized,Fare_Normalized,SibSp_Normalized,Parch_Normalized
1,0,3,22.0,1.0,0,7.25,1,0,0,1,0.375,0.11046036834342966,0.4,
2,1,1,38.0,1.0,0,65.6344,0,1,0,0,0.6826923076923077,1.0,0.4,
3,1,3,26.0,0.0,0,7.925,0,0,0,1,0.4519230769230769,0.12074460953402484,0.0,
4,1,1,35.0,1.0,0,53.1,0,0,0,1,0.625,0.8090269736601539,0.4,
5,0,3,35.0,0.0,0,8.05,1,0,0,1,0.625,0.12264909864339434,0.0,
6,0,3,28.0,0.0,0,8.4583,1,0,1,0,0.49038461538461536,0.12886992187023877,0.0,
7,0,1,54.0,0.0,0,51.8625,1,0,0,1,0.9903846153846154,0.790172531477396,0.0,
8,0,3,2.5,2.5,0,21.075,1,0,0,1,0.0,0.3210968638396938,1.0,
9,1,3,27.0,0.0,0,11.1333,0,0,0,1,0.47115384615384615,0.1696259888107456,0.0,
10,1,2,14.0,1.0,0,30.0708,0,1,0,0,0.22115384615384615,0.4581560888802213,0.4,
11,1,3,4.0,1.0,0,16.7,0,0,0,1,0.028846153846153848,0.25443974501176214,0.4,
12,1,1,54.5,0.0,0,26.55,0,0,0,1,1.0,0.40451348683007693,0.0,
13,0,3,20.0,0.0,0,8.05,1,0,0,1,0.33653846153846156,0.12264909864339434,0.0,
14,0,3,39.0,1.0,0,31.275,1,0,0,1,0.7019230769230769,0.4765031751642431,0.4,
15,0,3,14.0,0.0,0,7.8542,0,0,0,1,0.22115384615384615,0.11966590690247797,0.0,
16,1,2,54.5,0.0,0,16.0,0,0,0,1,1.0,0.24377460599929304,0.0,
17,0,3,2.5,2.5,0,29.125,1,0,1,0,0.0,0.4437459624830881,1.0,
18,1,2,28.0,0.0,0,13.0,1,0,0,1,0.49038461538461536,0.1980668673744256,0.0,
19,0,3,31.0,1.0,0,18.0,0,0,0,1,0.5480769230769231,0.2742464317492047,0.4,
20,1,3,28.0,0.0,0,7.225,0,1,0,0,0.49038461538461536,0.11007947052155577,0.0,
21,0,2,35.0,0.0,0,26.0,1,0,0,1,0.625,0.3961337347488512,0.0,
22,1,2,34.0,0.0,0,13.0,1,0,0,1,0.6057692307692307,0.1980668673744256,0.0,
23,1,3,15.0,0.0,0,8.0292,0,0,1,0,0.2403846153846154,0.12233219165559522,0.0,
24,1,1,28.0,0.0,0,35.5,1,0,0,1,0.49038461538461536,0.5408749070609314,0.0,
25,0,3,8.0,2.5,0,21.075,0,0,0,1,0.10576923076923077,0.3210968638396938,1.0,
26,1,3,38.0,1.0,0,31.3875,0,0,0,1,0.6826923076923077,0.47821721536267564,0.4,
27,0,3,28.0,0.0,0,7.225,1,1,0,0,0.49038461538461536,0.11007947052155577,0.0,
28,0,1,19.0,2.5,0,65.6344,1,0,0,1,0.3173076923076923,1.0,1.0,
29,1,3,28.0,0.0,0,7.8792,0,0,1,0,0.49038461538461536,0.12004680472435186,0.0,
30,0,3,28.0,0.0,0,7.8958,1,0,0,1,0.49038461538461536,0.12029972087807614,0.0,
31,0,1,40.0,0.0,0,27.7208,1,1,0,0,0.7211538461538461,0.4223516936240752,0.0,
32,1,1,28.0,1.0,0,65.6344,0,1,0,0,0.49038461538461536,1.0,0.4,
33,1,3,28.0,0.0,0,7.75,0,0,1,0,0.49038461538461536,0.11807832478090757,0.0,
34,0,2,54.5,0.0,0,10.5,1,0,0,1,1.0,0.15997708518703607,0.0,
35,0,1,28.0,1.0,0,65.6344,1,1,0,0,0.49038461538461536,1.0,0.4,
36,0,1,42.0,1.0,0,52.0,1,0,0,1,0.7596153846153846,0.7922674694977024,0.4,
37,1,3,28.0,0.0,0,7.2292,1,1,0,0,0.49038461538461536,0.11014346135563058,0.0,
38,0,3,21.0,0.0,0,8.05,1,0,0,1,0.3557692307692308,0.12264909864339434,0.0,
39,0,3,18.0,2.0,0,18.0,0,0,0,1,0.2980769230769231,0.2742464317492047,0.8,
40,1,3,14.0,1.0,0,11.2417,0,1,0,0,0.22115384615384615,0.1712775617663908,0.4,
41,0,3,40.0,1.0,0,9.475,0,0,0,1,0.7211538461538461,0.14436027449020636,0.4,
42,0,2,27.0,1.0,0,21.0,0,0,0,1,0.47115384615384615,0.31995417037407214,0.4,
43,0,3,28.0,0.0,0,7.8958,1,1,0,0,0.49038461538461536,0.12029972087807614,0.0,
44,1,2,3.0,1.0,0,41.5792,0,1,0,0,0.009615384615384616,0.6334970686103628,0.4,
45,1,3,19.0,0.0,0,7.8792,0,0,1,0,0.3173076923076923,0.12004680472435186,0.0,
46,0,3,28.0,0.0,0,8.05,1,0,0,1,0.49038461538461536,0.12264909864339434,0.0,
47,0,3,28.0,1.0,0,15.5,1,0,1,0,0.49038461538461536,0.23615664956181515,0.4,
48,1,3,28.0,0.0,0,7.75,0,0,1,0,0.49038461538461536,0.11807832478090757,0.0,
49,0,3,28.0,2.0,0,21.6792,1,1,0,0,0.49038461538461536,0.33030240239874215,0.8,
50,0,3,18.0,1.0,0,17.8,0,0,0,1,0.2980769230769231,0.2711992491742135,0.4,
51,0,3,7.0,2.5,0,39.6875,1,0,0,1,0.08653846153846154,0.604675292224809,1.0,
52,0,3,21.0,0.0,0,7.8,1,0,0,1,0.3557692307692308,0.11884012042465536,0.0,
53,1,1,49.0,1.0,0,65.6344,0,1,0,0,0.8942307692307693,1.0,0.4,
54,1,2,29.0,1.0,0,26.0,0,0,0,1,0.5096153846153846,0.3961337347488512,0.4,
55,0,1,54.5,0.0,0,61.9792,1,1,0,0,1.0,0.9443096912594615,0.0,
56,1,1,28.0,0.0,0,35.5,1,0,0,1,0.49038461538461536,0.5408749070609314,0.0,
57,1,2,21.0,0.0,0,10.5,0,0,0,1,0.3557692307692308,0.15997708518703607,0.0,
58,0,3,28.5,0.0,0,7.2292,1,1,0,0,0.5,0.11014346135563058,0.0,
59,1,2,5.0,1.0,0,27.75,0,0,0,1,0.04807692307692308,0.42279658228002387,0.4,
60,0,3,11.0,2.5,0,46.9,1,0,0,1,0.16346153846153846,0.7145643138354277,1.0,
61,0,3,22.0,0.0,0,7.2292,1,1,0,0,0.375,0.11014346135563058,0.0,
62,1,1,38.0,0.0,0,65.6344,0,0,0,1,0.6826923076923077,1.0,0.0,
63,0,1,45.0,1.0,0,65.6344,1,0,0,1,0.8173076923076923,1.0,0.4,
64,0,3,4.0,2.5,0,27.9,1,0,0,1,0.028846153846153848,0.42508196921126723,1.0,
65,0,1,28.0,0.0,0,27.7208,1,1,0,0,0.49038461538461536,0.4223516936240752,0.0,
66,1,3,28.0,1.0,0,15.2458,1,1,0,0,0.49038461538461536,0.23228368050900136,0.4,
67,1,2,29.0,0.0,0,10.5,0,0,0,1,0.5096153846153846,0.15997708518703607,0.0,
68,0,3,19.0,0.0,0,8.1583,1,0,0,1,0.3173076923076923,0.12429914800775205,0.0,
69,1,3,17.0,2.5,0,7.925,0,0,0,1,0.27884615384615385,0.12074460953402484,1.0,
70,0,3,26.0,2.0,0,8.6625,1,0,0,1,0.4519230769230769,0.13198109527930474,0.8,
71,0,2,32.0,0.0,0,10.5,1,0,0,1,0.5673076923076923,0.15997708518703607,0.0,
72,0,3,16.0,2.5,0,46.9,0,0,0,1,0.25961538461538464,0.7145643138354277,1.0,
73,0,2,21.0,0.0,0,65.6344,1,0,0,1,0.3557692307692308,1.0,0.0,
74,0,3,26.0,1.0,0,14.4542,1,1,0,0,0.4519230769230769,0.22022293187718636,0.4,
75,1,3,32.0,0.0,0,56.4958,1,0,0,1,0.5673076923076923,0.8607650866009289,0.0,
76,0,3,25.0,0.0,0,7.65,1,0,0,1,0.4326923076923077,0.116554733493412,0.0,
77,0,3,28.0,0.0,0,7.8958,1,0,0,1,0.49038461538461536,0.12029972087807614,0.0,
78,0,3,28.0,0.0,0,8.05,1,0,0,1,0.49038461538461536,0.12264909864339434,0.0,
79,1,2,2.5,0.0,0,29.0,1,0,0,1,0.0,0.44184147337371865,0.0,
80,1,3,30.0,0.0,0,12.475,0,0,0,1,0.5288461538461539,0.1900680131150738,0.0,
81,0,3,22.0,0.0,0,9.0,1,0,0,1,0.375,0.13712321587460236,0.0,
82,1,3,29.0,0.0,0,9.5,1,0,0,1,0.5096153846153846,0.14474117231208025,0.0,
83,1,3,28.0,0.0,0,7.7875,0,0,1,0,0.49038461538461536,0.11864967151371841,0.0,
84,0,1,28.0,0.0,0,47.1,1,0,0,1,0.49038461538461536,0.717611496410419,0.0,
85,1,2,17.0,0.0,0,10.5,0,0,0,1,0.27884615384615385,0.15997708518703607,0.0,
86,1,3,33.0,2.5,0,15.85,0,0,0,1,0.5865384615384616,0.24148921906804968,1.0,
87,0,3,16.0,1.0,0,34.375,1,0,0,1,0.25961538461538464,0.5237345050766061,0.4,
88,0,3,28.0,0.0,0,8.05,1,0,0,1,0.49038461538461536,0.12264909864339434,0.0,
89,1,1,23.0,2.5,0,65.6344,0,0,0,1,0.3942307692307692,1.0,1.0,
90,0,3,24.0,0.0,0,8.05,1,0,0,1,0.41346153846153844,0.12264909864339434,0.0,
91,0,3,29.0,0.0,0,8.05,1,0,0,1,0.5096153846153846,0.12264909864339434,0.0,
92,0,3,20.0,0.0,0,7.8542,1,0,0,1,0.33653846153846156,0.11966590690247797,0.0,
93,0,1,46.0,1.0,0,61.175,1,0,0,1,0.8365384615384616,0.932056970125422,0.4,
94,0,3,26.0,1.0,0,20.575,1,0,0,1,0.4519230769230769,0.3134789074022159,0.4,
95,0,3,54.5,0.0,0,7.25,1,0,0,1,1.0,0.11046036834342966,0.0,
96,0,3,28.0,0.0,0,8.05,1,0,0,1,0.49038461538461536,0.12264909864339434,0.0,
97,0,1,54.5,0.0,0,34.6542,1,1,0,0,1.0,0.5279883719512939,0.0,
98,1,1,23.0,0.0,0,63.3583,1,1,0,0,0.3942307692307692,0.9653215387053131,0.0,
99,1,2,34.0,0.0,0,23.0,0,0,0,1,0.6057692307692307,0.3504259961239838,0.0,
100,0,2,34.0,1.0,0,26.0,1,0,0,1,0.6057692307692307,0.3961337347488512,0.4,
101,0,3,28.0,0.0,0,7.8958,0,0,0,1,0.49038461538461536,0.12029972087807614,0.0,
102,0,3,28.0,0.0,0,7.8958,1,0,0,1,0.49038461538461536,0.12029972087807614,0.0,
103,0,1,21.0,0.0,0,65.6344,1,0,0,1,0.3557692307692308,1.0,0.0,
104,0,3,33.0,0.0,0,8.6542,1,0,0,1,0.5865384615384616,0.13185463720244261,0.0,
105,0,3,37.0,2.0,0,7.925,1,0,0,1,0.6634615384615384,0.12074460953402484,0.8,
106,0,3,28.0,0.0,0,7.8958,1,0,0,1,0.49038461538461536,0.12029972087807614,0.0,
107,1,3,21.0,0.0,0,7.65,0,0,0,1,0.3557692307692308,0.116554733493412,0.0,
108,1,3,28.0,0.0,0,7.775,1,0,0,1,0.49038461538461536,0.11845922260278148,0.0,
109,0,3,38.0,0.0,0,7.8958,1,0,0,1,0.6826923076923077,0.12029972087807614,0.0,
110,1,3,28.0,1.0,0,24.15,0,0,1,0,0.49038461538461536,0.36794729593018294,0.4,
111,0,1,47.0,0.0,0,52.0,1,0,0,1,0.8557692307692307,0.7922674694977024,0.0,
112,0,3,14.5,1.0,0,14.4542,0,1,0,0,0.23076923076923078,0.22022293187718636,0.4,
113,0,3,22.0,0.0,0,8.05,1,0,0,1,0.375,0.12264909864339434,0.0,
114,0,3,20.0,1.0,0,9.825,0,0,0,1,0.33653846153846156,0.1496928439964409,0.4,
115,0,3,17.0,0.0,0,14.4583,0,1,0,0,0.27884615384615385,0.22028539911997366,0.0,
116,0,3,21.0,0.0,0,7.925,1,0,0,1,0.3557692307692308,0.12074460953402484,0.0,
117,0,3,54.5,0.0,0,7.75,1,0,1,0,1.0,0.11807832478090757,0.0,
118,0,2,29.0,1.0,0,21.0,1,0,0,1,0.5096153846153846,0.31995417037407214,0.4,
119,0,1,24.0,0.0,0,65.6344,1,1,0,0,0.41346153846153844,1.0,0.0,
120,0,3,2.5,2.5,0,31.275,0,0,0,1,0.0,0.4765031751642431,1.0,
121,0,2,21.0,2.0,0,65.6344,1,0,0,1,0.3557692307692308,1.0,0.8,
122,0,3,28.0,0.0,0,8.05,1,0,0,1,0.49038461538461536,0.12264909864339434,0.0,
123,0,2,32.5,1.0,0,30.0708,1,1,0,0,0.5769230769230769,0.4581560888802213,0.4,
124,1,2,32.5,0.0,0,13.0,0,0,0,1,0.5769230769230769,0.1980668673744256,0.0,
125,0,1,54.0,0.0,0,65.6344,1,0,0,1,0.9903846153846154,1.0,0.0,
126,1,3,12.0,1.0,0,11.2417,1,1,0,0,0.18269230769230768,0.1712775617663908,0.4,
127,0,3,28.0,0.0,0,7.75,1,0,1,0,0.49038461538461536,0.11807832478090757,0.0,
128,1,3,24.0,0.0,0,7.1417,1,0,0,1,0.41346153846153844,0.10881031897907195,0.0,
129,1,3,28.0,1.0,0,22.3583,0,1,0,0,0.49038461538461536,0.3406491108321246,0.4,
130,0,3,45.0,0.0,0,6.975,1,0,0,1,0.8173076923076923,0.10627049230281681,0.0,
131,0,3,33.0,0.0,0,7.8958,1,1,0,0,0.5865384615384616,0.12029972087807614,0.0,
132,0,3,20.0,0.0,0,7.05,1,0,0,1,0.33653846153846156,0.1074131857684385,0.0,
133,0,3,47.0,1.0,0,14.5,0,0,0,1,0.8557692307692307,0.22092073668685933,0.4,
134,1,2,29.0,1.0,0,26.0,0,0,0,1,0.5096153846153846,0.3961337347488512,0.4,
135,0,2,25.0,0.0,0,13.0,1,0,0,1,0.4326923076923077,0.1980668673744256,0.0,
136,0,2,23.0,0.0,0,15.0458,1,1,0,0,0.3942307692307692,0.2292364979340102,0.0,
137,1,1,19.0,0.0,0,26.2833,0,0,0,1,0.3173076923076923,0.4004500688663262,0.0,
138,0,1,37.0,1.0,0,53.1,1,0,0,1,0.6634615384615384,0.8090269736601539,0.4,
139,0,3,16.0,0.0,0,9.2167,1,0,0,1,0.25961538461538464,0.14042483819460527,0.0,
140,0,1,24.0,0.0,0,65.6344,1,1,0,0,0.41346153846153844,1.0,0.0,
141,0,3,28.0,0.0,0,15.2458,0,1,0,0,0.49038461538461536,0.23228368050900136,0.0,
142,1,3,22.0,0.0,0,7.75,0,0,0,1,0.375,0.11807832478090757,0.0,
143,1,3,24.0,1.0,0,15.85,0,0,0,1,0.41346153846153844,0.24148921906804968,0.4,
144,0,3,19.0,0.0,0,6.75,1,0,1,0,0.3173076923076923,0.10284241190595175,0.0,
145,0,2,18.0,0.0,0,11.5,1,0,0,1,0.2980769230769231,0.1752129980619919,0.0,
146,0,2,19.0,1.0,0,36.75,1,0,0,1,0.3173076923076923,0.5599197981546262,0.4,
147,1,3,27.0,0.0,0,7.7958,1,0,0,1,0.47115384615384615,0.11877612959058055,0.0,
148,0,3,9.0,2.0,0,34.375,0,0,0,1,0.125,0.5237345050766061,0.8,
149,0,2,36.5,0.0,0,26.0,1,0,0,1,0.6538461538461539,0.3961337347488512,0.0,
150,0,2,42.0,0.0,0,13.0,1,0,0,1,0.7596153846153846,0.1980668673744256,0.0,
151,0,2,51.0,0.0,0,12.525,1,0,0,1,0.9326923076923077,0.1908298087588216,0.0,
152,1,1,22.0,1.0,0,65.6344,0,0,0,1,0.375,1.0,0.4,
153,0,3,54.5,0.0,0,8.05,1,0,0,1,1.0,0.12264909864339434,0.0,
154,0,3,40.5,0.0,0,14.5,1,0,0,1,0.7307692307692307,0.22092073668685933,0.0,
155,0,3,28.0,0.0,0,7.3125,1,0,0,1,0.49038461538461536,0.11141261289811441,0.0,
156,0,1,51.0,0.0,0,61.3792,1,1,0,0,0.9326923076923077,0.935168143534488,0.0,
157,1,3,16.0,0.0,0,7.7333,0,0,1,0,0.25961538461538464,0.1178238850358958,0.0,
158,0,3,30.0,0.0,0,8.05,1,0,0,1,0.5288461538461539,0.12264909864339434,0.0,
159,0,3,28.0,0.0,0,8.6625,1,0,0,1,0.49038461538461536,0.13198109527930474,0.0,
160,0,3,28.0,2.5,0,65.6344,1,0,0,1,0.49038461538461536,1.0,1.0,
161,0,3,44.0,0.0,0,16.1,1,0,0,1,0.7980769230769231,0.24529819728678867,0.0,
162,1,2,40.0,0.0,0,15.75,0,0,0,1,0.7211538461538461,0.2399656277805541,0.0,
163,0,3,26.0,0.0,0,7.775,1,0,0,1,0.4519230769230769,0.11845922260278148,0.0,
164,0,3,17.0,0.0,0,8.6625,1,0,0,1,0.27884615384615385,0.13198109527930474,0.0,
165,0,3,2.5,2.5,0,39.6875,1,0,0,1,0.0,0.604675292224809,1.0,
166,1,3,9.0,0.0,0,20.525,1,0,0,1,0.125,0.3127171117584681,0.0,
167,1,1,28.0,0.0,0,55.0,0,0,0,1,0.49038461538461536,0.8379752081225699,0.0,
168,0,3,45.0,1.0,0,27.9,0,0,0,1,0.8173076923076923,0.42508196921126723,0.4,
169,0,1,28.0,0.0,0,25.925,1,0,0,1,0.49038461538461536,0.39499104128322954,0.0,
170,0,3,28.0,0.0,0,56.4958,1,0,0,1,0.49038461538461536,0.8607650866009289,0.0,
171,0,1,54.5,0.0,0,33.5,1,0,0,1,1.0,0.5104030813110199,0.0,
172,0,3,4.0,2.5,0,29.125,1,0,1,0,0.028846153846153848,0.4437459624830881,1.0,
173,1,3,2.5,1.0,0,11.1333,0,0,0,1,0.0,0.1696259888107456,0.4,
174,0,3,21.0,0.0,0,7.925,1,0,0,1,0.3557692307692308,0.12074460953402484,0.0,
175,0,1,54.5,0.0,0,30.6958,1,1,0,0,1.0,0.4676785344270687,0.0,
176,0,3,18.0,1.0,0,7.8542,1,0,0,1,0.2980769230769231,0.11966590690247797,0.4,
177,0,3,28.0,2.5,0,25.4667,1,0,0,1,0.49038461538461536,0.3880084224126373,1.0,
178,0,1,50.0,0.0,0,28.7125,0,1,0,0,0.9134615384615384,0.4374611484221688,0.0,
179,0,2,30.0,0.0,0,13.0,1,0,0,1,0.5288461538461539,0.1980668673744256,0.0,
180,0,3,36.0,0.0,0,0.0,1,0,0,1,0.6442307692307693,0.0,0.0,
181,0,3,28.0,2.5,0,65.6344,0,0,0,1,0.49038461538461536,1.0,1.0,
182,0,2,28.0,0.0,0,15.05,1,1,0,0,0.49038461538461536,0.22930048876808504,0.0,
183,0,3,9.0,2.5,0,31.3875,1,0,0,1,0.125,0.47821721536267564,1.0,
184,1,2,2.5,2.0,0,39.0,1,0,0,1,0.0,0.5942006021232769,0.8,
185,1,3,4.0,0.0,0,22.025,0,0,0,1,0.028846153846153848,0.33557098107090183,0.0,
186,0,1,28.0,0.0,0,50.0,1,0,0,1,0.49038461538461536,0.7617956437477909,0.0,
187,1,3,28.0,1.0,0,15.5,0,0,1,0,0.49038461538461536,0.23615664956181515,0.4,
188,1,1,45.0,0.0,0,26.55,1,0,0,1,0.8173076923076923,0.40451348683007693,0.0,
189,0,3,40.0,1.0,0,15.5,1,0,1,0,0.7211538461538461,0.23615664956181515,0.4,
190,0,3,36.0,0.0,0,7.8958,1,0,0,1,0.6442307692307693,0.12029972087807614,0.0,
191,1,2,32.0,0.0,0,13.0,0,0,0,1,0.5673076923076923,0.1980668673744256,0.0,
192,0,2,19.0,0.0,0,13.0,1,0,0,1,0.3173076923076923,0.1980668673744256,0.0,
193,1,3,19.0,1.0,0,7.8542,0,0,0,1,0.3173076923076923,0.11966590690247797,0.4,
194,1,2,3.0,1.0,0,26.0,1,0,0,1,0.009615384615384616,0.3961337347488512,0.4,
195,1,1,44.0,0.0,0,27.7208,0,1,0,0,0.7980769230769231,0.4223516936240752,0.0,
196,1,1,54.5,0.0,0,65.6344,0,1,0,0,1.0,1.0,0.0,
197,0,3,28.0,0.0,0,7.75,1,0,1,0,0.49038461538461536,0.11807832478090757,0.0,
198,0,3,42.0,0.0,0,8.4042,1,0,0,1,0.7596153846153846,0.12804565898370365,0.0,
199,1,3,28.0,0.0,0,7.75,0,0,1,0,0.49038461538461536,0.11807832478090757,0.0,
200,0,2,24.0,0.0,0,13.0,0,0,0,1,0.41346153846153844,0.1980668673744256,0.0,
201,0,3,28.0,0.0,0,9.5,1,0,0,1,0.49038461538461536,0.14474117231208025,0.0,
202,0,3,28.0,2.5,0,65.6344,1,0,0,1,0.49038461538461536,1.0,1.0,
203,0,3,34.0,0.0,0,6.4958,1,0,0,1,0.6057692307692307,0.098969442853138,0.0,
204,0,3,45.5,0.0,0,7.225,1,1,0,0,0.8269230769230769,0.11007947052155577,0.0,
205,1,3,18.0,0.0,0,8.05,1,0,0,1,0.2980769230769231,0.12264909864339434,0.0,
206,0,3,2.5,0.0,0,10.4625,0,0,0,1,0.0,0.15940573845422523,0.0,
207,0,3,32.0,1.0,0,15.85,1,0,0,1,0.5673076923076923,0.24148921906804968,0.4,
208,1,3,26.0,0.0,0,18.7875,1,1,0,0,0.4519230769230769,0.2862447131382324,0.0,
209,1,3,16.0,0.0,0,7.75,0,0,1,0,0.25961538461538464,0.11807832478090757,0.0,
210,1,1,40.0,0.0,0,31.0,1,1,0,0,0.7211538461538461,0.4723132991236303,0.0,
211,0,3,24.0,0.0,0,7.05,1,0,0,1,0.41346153846153844,0.1074131857684385,0.0,
212,1,2,35.0,0.0,0,21.0,0,0,0,1,0.625,0.31995417037407214,0.0,
213,0,3,22.0,0.0,0,7.25,1,0,0,1,0.375,0.11046036834342966,0.0,
214,0,2,30.0,0.0,0,13.0,1,0,0,1,0.5288461538461539,0.1980668673744256,0.0,
215,0,3,28.0,1.0,0,7.75,1,0,1,0,0.49038461538461536,0.11807832478090757,0.4,
216,1,1,31.0,1.0,0,65.6344,0,1,0,0,0.5480769230769231,1.0,0.4,
217,1,3,27.0,0.0,0,7.925,0,0,0,1,0.47115384615384615,0.12074460953402484,0.0,
218,0,2,42.0,1.0,0,27.0,1,0,0,1,0.7596153846153846,0.411369647623807,0.4,
219,1,1,32.0,0.0,0,65.6344,0,1,0,0,0.5673076923076923,1.0,0.0,
220,0,2,30.0,0.0,0,10.5,1,0,0,1,0.5288461538461539,0.15997708518703607,0.0,
221,1,3,16.0,0.0,0,8.05,1,0,0,1,0.25961538461538464,0.12264909864339434,0.0,
222,0,2,27.0,0.0,0,13.0,1,0,0,1,0.47115384615384615,0.1980668673744256,0.0,
223,0,3,51.0,0.0,0,8.05,1,0,0,1,0.9326923076923077,0.12264909864339434,0.0,
224,0,3,28.0,0.0,0,7.8958,1,0,0,1,0.49038461538461536,0.12029972087807614,0.0,
225,1,1,38.0,1.0,0,65.6344,1,0,0,1,0.6826923076923077,1.0,0.4,
226,0,3,22.0,0.0,0,9.35,1,0,0,1,0.375,0.14245578538083686,0.0,
227,1,2,19.0,0.0,0,10.5,1,0,0,1,0.3173076923076923,0.15997708518703607,0.0,
228,0,3,20.5,0.0,0,7.25,1,0,0,1,0.34615384615384615,0.11046036834342966,0.0,
229,0,2,18.0,0.0,0,13.0,1,0,0,1,0.2980769230769231,0.1980668673744256,0.0,
230,0,3,28.0,2.5,0,25.4667,0,0,0,1,0.49038461538461536,0.3880084224126373,1.0,
231,1,1,35.0,1.0,0,65.6344,0,0,0,1,0.625,1.0,0.4,
232,0,3,29.0,0.0,0,7.775,1,0,0,1,0.5096153846153846,0.11845922260278148,0.0,
233,0,2,54.5,0.0,0,13.5,1,0,0,1,1.0,0.2056848238119035,0.0,
234,1,3,5.0,2.5,0,31.3875,0,0,0,1,0.04807692307692308,0.47821721536267564,1.0,
235,0,2,24.0,0.0,0,10.5,1,0,0,1,0.41346153846153844,0.15997708518703607,0.0,
236,0,3,28.0,0.0,0,7.55,0,0,0,1,0.49038461538461536,0.11503114220591641,0.0,
237,0,2,44.0,1.0,0,26.0,1,0,0,1,0.7980769230769231,0.3961337347488512,0.4,
238,1,2,8.0,0.0,0,26.25,0,0,0,1,0.10576923076923077,0.39994271296759015,0.0,
239,0,2,19.0,0.0,0,10.5,1,0,0,1,0.3173076923076923,0.15997708518703607,0.0,
240,0,2,33.0,0.0,0,12.275,1,0,0,1,0.5865384615384616,0.18702083054008264,0.0,
241,0,3,28.0,1.0,0,14.4542,0,1,0,0,0.49038461538461536,0.22022293187718636,0.4,
242,1,3,28.0,1.0,0,15.5,0,0,1,0,0.49038461538461536,0.23615664956181515,0.4,
243,0,2,29.0,0.0,0,10.5,1,0,0,1,0.5096153846153846,0.15997708518703607,0.0,
244,0,3,22.0,0.0,0,7.125,1,0,0,1,0.375,0.1085558792340602,0.0,
245,0,3,30.0,0.0,0,7.225,1,1,0,0,0.5288461538461539,0.11007947052155577,0.0,
246,0,1,44.0,2.0,0,65.6344,1,0,1,0,0.7980769230769231,1.0,0.8,
247,0,3,25.0,0.0,0,7.775,0,0,0,1,0.4326923076923077,0.11845922260278148,0.0,
248,1,2,24.0,0.0,0,14.5,0,0,0,1,0.41346153846153844,0.22092073668685933,0.0,
249,1,1,37.0,1.0,0,52.5542,1,0,0,1,0.6634615384615384,0.8007112124130029,0.4,
250,0,2,54.0,1.0,0,26.0,1,0,0,1,0.9903846153846154,0.3961337347488512,0.4,
251,0,3,28.0,0.0,0,7.25,1,0,0,1,0.49038461538461536,0.11046036834342966,0.0,
252,0,3,29.0,1.0,0,10.4625,0,0,0,1,0.5096153846153846,0.15940573845422523,0.4,
253,0,1,54.5,0.0,0,26.55,1,0,0,1,1.0,0.40451348683007693,0.0,
254,0,3,30.0,1.0,0,16.1,1,0,0,1,0.5288461538461539,0.24529819728678867,0.4,
255,0,3,41.0,0.0,0,20.2125,0,0,0,1,0.7403846153846154,0.3079558889850444,0.0,
256,1,3,29.0,0.0,0,15.2458,0,1,0,0,0.5096153846153846,0.23228368050900136,0.0,
257,1,1,28.0,0.0,0,65.6344,0,1,0,0,0.49038461538461536,1.0,0.0,
258,1,1,30.0,0.0,0,65.6344,0,0,0,1,0.5288461538461539,1.0,0.0,
259,1,1,35.0,0.0,0,65.6344,0,1,0,0,0.625,1.0,0.0,
260,1,2,50.0,0.0,0,26.0,0,0,0,1,0.9134615384615384,0.3961337347488512,0.0,
261,0,3,28.0,0.0,0,7.75,1,0,1,0,0.49038461538461536,0.11807832478090757,0.0,
262,1,3,3.0,2.5,0,31.3875,1,0,0,1,0.009615384615384616,0.47821721536267564,1.0,
263,0,1,52.0,1.0,0,65.6344,1,0,0,1,0.9519230769230769,1.0,0.4,
264,0,1,40.0,0.0,0,0.0,1,0,0,1,0.7211538461538461,0.0,0.0,
265,0,3,28.0,0.0,0,7.75,0,0,1,0,0.49038461538461536,0.11807832478090757,0.0,
266,0,2,36.0,0.0,0,10.5,1,0,0,1,0.6442307692307693,0.15997708518703607,0.0,
267,0,3,16.0,2.5,0,39.6875,1,0,0,1,0.25961538461538464,0.604675292224809,1.0,
268,1,3,25.0,1.0,0,7.775,1,0,0,1,0.4326923076923077,0.11845922260278148,0.4,
269,1,1,54.5,0.0,0,65.6344,0,0,0,1,1.0,1.0,0.0,
270,1,1,35.0,0.0,0,65.6344,0,0,0,1,0.625,1.0,0.0,
271,0,1,28.0,0.0,0,31.0,1,0,0,1,0.49038461538461536,0.4723132991236303,0.0,
272,1,3,25.0,0.0,0,0.0,1,0,0,1,0.4326923076923077,0.0,0.0,
273,1,2,41.0,0.0,0,19.5,0,0,0,1,0.7403846153846154,0.2971003010616384,0.0,
274,0,1,37.0,0.0,0,29.7,1,1,0,0,0.6634615384615384,0.4525066123861877,0.0,
275,1,3,28.0,0.0,0,7.75,0,0,1,0,0.49038461538461536,0.11807832478090757,0.0,
276,1,1,54.5,1.0,0,65.6344,0,0,0,1,1.0,1.0,0.4,
277,0,3,45.0,0.0,0,7.75,0,0,0,1,0.8173076923076923,0.11807832478090757,0.0,
278,0,2,28.0,0.0,0,0.0,1,0,0,1,0.49038461538461536,0.0,0.0,
279,0,3,7.0,2.5,0,29.125,1,0,1,0,0.08653846153846154,0.4437459624830881,1.0,
280,1,3,35.0,1.0,0,20.25,0,0,0,1,0.625,0.3085272357178553,0.4,
281,0,3,54.5,0.0,0,7.75,1,0,1,0,1.0,0.11807832478090757,0.0,
282,0,3,28.0,0.0,0,7.8542,1,0,0,1,0.49038461538461536,0.11966590690247797,0.0,
283,0,3,16.0,0.0,0,9.5,1,0,0,1,0.25961538461538464,0.14474117231208025,0.0,
284,1,3,19.0,0.0,0,8.05,1,0,0,1,0.3173076923076923,0.12264909864339434,0.0,
285,0,1,28.0,0.0,0,26.0,1,0,0,1,0.49038461538461536,0.3961337347488512,0.0,
286,0,3,33.0,0.0,0,8.6625,1,1,0,0,0.5865384615384616,0.13198109527930474,0.0,
287,1,3,30.0,0.0,0,9.5,1,0,0,1,0.5288461538461539,0.14474117231208025,0.0,
288,0,3,22.0,0.0,0,7.8958,1,0,0,1,0.375,0.12029972087807614,0.0,
289,1,2,42.0,0.0,0,13.0,1,0,0,1,0.7596153846153846,0.1980668673744256,0.0,
290,1,3,22.0,0.0,0,7.75,0,0,1,0,0.375,0.11807832478090757,0.0,
291,1,1,26.0,0.0,0,65.6344,0,0,0,1,0.4519230769230769,1.0,0.0,
292,1,1,19.0,1.0,0,65.6344,0,1,0,0,0.3173076923076923,1.0,0.4,
293,0,2,36.0,0.0,0,12.875,1,1,0,0,0.6442307692307693,0.19616237826505614,0.0,
294,0,3,24.0,0.0,0,8.85,0,0,0,1,0.41346153846153844,0.13483782894335897,0.0,
295,0,3,24.0,0.0,0,7.8958,1,0,0,1,0.41346153846153844,0.12029972087807614,0.0,
296,0,1,28.0,0.0,0,27.7208,1,1,0,0,0.49038461538461536,0.4223516936240752,0.0,
297,0,3,23.5,0.0,0,7.2292,1,1,0,0,0.40384615384615385,0.11014346135563058,0.0,
298,0,1,2.5,1.0,0,65.6344,0,0,0,1,0.0,1.0,0.4,
299,1,1,28.0,0.0,0,30.5,1,0,0,1,0.49038461538461536,0.46469534268615237,0.0,
300,1,1,50.0,0.0,0,65.6344,0,1,0,0,0.9134615384615384,1.0,0.0,
301,1,3,28.0,0.0,0,7.75,0,0,1,0,0.49038461538461536,0.11807832478090757,0.0,
302,1,3,28.0,2.0,0,23.25,1,0,1,0,0.49038461538461536,0.3542349743427227,0.8,
303,0,3,19.0,0.0,0,0.0,1,0,0,1,0.3173076923076923,0.0,0.0,
304,1,2,28.0,0.0,0,12.35,0,0,1,0,0.49038461538461536,0.18816352400570432,0.0,
305,0,3,28.0,0.0,0,8.05,1,0,0,1,0.49038461538461536,0.12264909864339434,0.0,
306,1,1,2.5,1.0,0,65.6344,1,0,0,1,0.0,1.0,0.4,
307,1,1,28.0,0.0,0,65.6344,0,1,0,0,0.49038461538461536,1.0,0.0,
308,1,1,17.0,1.0,0,65.6344,0,1,0,0,0.27884615384615385,1.0,0.4,
309,0,2,30.0,1.0,0,24.0,1,1,0,0,0.5288461538461539,0.3656619089989396,0.4,
310,1,1,30.0,0.0,0,56.9292,0,1,0,0,0.5288461538461539,0.8673683312409347,0.0,
311,1,1,24.0,0.0,0,65.6344,0,1,0,0,0.41346153846153844,1.0,0.0,
312,1,1,18.0,2.0,0,65.6344,0,1,0,0,0.2980769230769231,1.0,0.8,
313,0,2,26.0,1.0,0,26.0,0,0,0,1,0.4519230769230769,0.3961337347488512,0.4,
314,0,3,28.0,0.0,0,7.8958,1,0,0,1,0.49038461538461536,0.12029972087807614,0.0,
315,0,2,43.0,1.0,0,26.25,1,0,0,1,0.7788461538461539,0.39994271296759015,0.4,
316,1,3,26.0,0.0,0,7.8542,0,0,0,1,0.4519230769230769,0.11966590690247797,0.0,
317,1,2,24.0,1.0,0,26.0,0,0,0,1,0.41346153846153844,0.3961337347488512,0.4,
318,0,2,54.0,0.0,0,14.0,1,0,0,1,0.9903846153846154,0.21330278024938143,0.0,
319,1,1,31.0,0.0,0,65.6344,0,0,0,1,0.5480769230769231,1.0,0.0,
320,1,1,40.0,1.0,0,65.6344,0,1,0,0,0.7211538461538461,1.0,0.4,
321,0,3,22.0,0.0,0,7.25,1,0,0,1,0.375,0.11046036834342966,0.0,
322,0,3,27.0,0.0,0,7.8958,1,0,0,1,0.47115384615384615,0.12029972087807614,0.0,
323,1,2,30.0,0.0,0,12.35,0,0,1,0,0.5288461538461539,0.18816352400570432,0.0,
324,1,2,22.0,1.0,0,29.0,0,0,0,1,0.375,0.44184147337371865,0.4,
325,0,3,28.0,2.5,0,65.6344,1,0,0,1,0.49038461538461536,1.0,1.0,
326,1,1,36.0,0.0,0,65.6344,0,1,0,0,0.6442307692307693,1.0,0.0,
327,0,3,54.5,0.0,0,6.2375,1,0,0,1,1.0,0.0950340065575369,0.0,
328,1,2,36.0,0.0,0,13.0,0,0,0,1,0.6442307692307693,0.1980668673744256,0.0,
329,1,3,31.0,1.0,0,20.525,0,0,0,1,0.5480769230769231,0.3127171117584681,0.4,
330,1,1,16.0,0.0,0,57.9792,0,1,0,0,0.25961538461538464,0.8833660397596382,0.0,
331,1,3,28.0,2.0,0,23.25,0,0,1,0,0.49038461538461536,0.3542349743427227,0.8,
332,0,1,45.5,0.0,0,28.5,1,0,0,1,0.8269230769230769,0.4342235169362408,0.0,
333,0,1,38.0,0.0,0,65.6344,1,0,0,1,0.6826923076923077,1.0,0.0,
334,0,3,16.0,2.0,0,18.0,1,0,0,1,0.25961538461538464,0.2742464317492047,0.8,
335,1,1,28.0,1.0,0,65.6344,0,0,0,1,0.49038461538461536,1.0,0.4,
336,0,3,28.0,0.0,0,7.8958,1,0,0,1,0.49038461538461536,0.12029972087807614,0.0,
337,0,1,29.0,1.0,0,65.6344,1,0,0,1,0.5096153846153846,1.0,0.4,
338,1,1,41.0,0.0,0,65.6344,0,1,0,0,0.7403846153846154,1.0,0.0,
339,1,3,45.0,0.0,0,8.05,1,0,0,1,0.8173076923076923,0.12264909864339434,0.0,
340,0,1,45.0,0.0,0,35.5,1,0,0,1,0.8173076923076923,0.5408749070609314,0.0,
341,1,2,2.5,1.0,0,26.0,1,0,0,1,0.0,0.3961337347488512,0.4,
342,1,1,24.0,2.5,0,65.6344,0,0,0,1,0.41346153846153844,1.0,1.0,
343,0,2,28.0,0.0,0,13.0,1,0,0,1,0.49038461538461536,0.1980668673744256,0.0,
344,0,2,25.0,0.0,0,13.0,1,0,0,1,0.4326923076923077,0.1980668673744256,0.0,
345,0,2,36.0,0.0,0,13.0,1,0,0,1,0.6442307692307693,0.1980668673744256,0.0,
346,1,2,24.0,0.0,0,13.0,0,0,0,1,0.41346153846153844,0.1980668673744256,0.0,
347,1,2,40.0,0.0,0,13.0,0,0,0,1,0.7211538461538461,0.1980668673744256,0.0,
348,1,3,28.0,1.0,0,16.1,0,0,0,1,0.49038461538461536,0.24529819728678867,0.4,
349,1,3,3.0,1.0,0,15.9,1,0,0,1,0.009615384615384616,0.24225101471179747,0.4,
350,0,3,42.0,0.0,0,8.6625,1,0,0,1,0.7596153846153846,0.13198109527930474,0.0,
351,0,3,23.0,0.0,0,9.225,1,0,0,1,0.3942307692307692,0.1405512962714674,0.0,
352,0,1,28.0,0.0,0,35.0,1,0,0,1,0.49038461538461536,0.5332569506234536,0.0,
353,0,3,15.0,1.0,0,7.2292,1,1,0,0,0.2403846153846154,0.11014346135563058,0.4,
354,0,3,25.0,1.0,0,17.8,1,0,0,1,0.4326923076923077,0.2711992491742135,0.4,
355,0,3,28.0,0.0,0,7.225,1,1,0,0,0.49038461538461536,0.11007947052155577,0.0,
356,0,3,28.0,0.0,0,9.5,1,0,0,1,0.49038461538461536,0.14474117231208025,0.0,
357,1,1,22.0,0.0,0,55.0,0,0,0,1,0.375,0.8379752081225699,0.0,
358,0,2,38.0,0.0,0,13.0,0,0,0,1,0.6826923076923077,0.1980668673744256,0.0,
359,1,3,28.0,0.0,0,7.8792,0,0,1,0,0.49038461538461536,0.12004680472435186,0.0,
360,1,3,28.0,0.0,0,7.8792,0,0,1,0,0.49038461538461536,0.12004680472435186,0.0,
361,0,3,40.0,1.0,0,27.9,1,0,0,1,0.7211538461538461,0.42508196921126723,0.4,
362,0,2,29.0,1.0,0,27.7208,1,1,0,0,0.5096153846153846,0.4223516936240752,0.4,
363,0,3,45.0,0.0,0,14.4542,0,1,0,0,0.8173076923076923,0.22022293187718636,0.0,
364,0,3,35.0,0.0,0,7.05,1,0,0,1,0.625,0.1074131857684385,0.0,
365,0,3,28.0,1.0,0,15.5,1,0,1,0,0.49038461538461536,0.23615664956181515,0.4,
366,0,3,30.0,0.0,0,7.25,1,0,0,1,0.5288461538461539,0.11046036834342966,0.0,
367,1,1,54.5,1.0,0,65.6344,0,1,0,0,1.0,1.0,0.4,
368,1,3,28.0,0.0,0,7.2292,0,1,0,0,0.49038461538461536,0.11014346135563058,0.0,
369,1,3,28.0,0.0,0,7.75,0,0,1,0,0.49038461538461536,0.11807832478090757,0.0,
370,1,1,24.0,0.0,0,65.6344,0,1,0,0,0.41346153846153844,1.0,0.0,
371,1,1,25.0,1.0,0,55.4417,1,1,0,0,0.4326923076923077,0.8447049108394378,0.4,
372,0,3,18.0,1.0,0,6.4958,1,0,0,1,0.2980769230769231,0.098969442853138,0.4,
373,0,3,19.0,0.0,0,8.05,1,0,0,1,0.3173076923076923,0.12264909864339434,0.0,
374,0,1,22.0,0.0,0,65.6344,1,1,0,0,0.375,1.0,0.0,
375,0,3,3.0,2.5,0,21.075,0,0,0,1,0.009615384615384616,0.3210968638396938,1.0,
376,1,1,28.0,1.0,0,65.6344,0,1,0,0,0.49038461538461536,1.0,0.4,
377,1,3,22.0,0.0,0,7.25,0,0,0,1,0.375,0.11046036834342966,0.0,
378,0,1,27.0,0.0,0,65.6344,1,1,0,0,0.47115384615384615,1.0,0.0,
379,0,3,20.0,0.0,0,4.0125,1,1,0,0,0.33653846153846156,0.061134100410760214,0.0,
380,0,3,19.0,0.0,0,7.775,1,0,0,1,0.3173076923076923,0.11845922260278148,0.0,
381,1,1,42.0,0.0,0,65.6344,0,1,0,0,0.7596153846153846,1.0,0.0,
382,1,3,2.5,0.0,0,15.7417,0,1,0,0,0.0,0.23983916970369196,0.0,
383,0,3,32.0,0.0,0,7.925,1,0,0,1,0.5673076923076923,0.12074460953402484,0.0,
384,1,1,35.0,1.0,0,52.0,0,0,0,1,0.625,0.7922674694977024,0.4,
385,0,3,28.0,0.0,0,7.8958,1,0,0,1,0.49038461538461536,0.12029972087807614,0.0,
386,0,2,18.0,0.0,0,65.6344,1,0,0,1,0.2980769230769231,1.0,0.0,
387,0,3,2.5,2.5,0,46.9,1,0,0,1,0.0,0.7145643138354277,1.0,
388,1,2,36.0,0.0,0,13.0,0,0,0,1,0.6442307692307693,0.1980668673744256,0.0,
389,0,3,28.0,0.0,0,7.7292,1,0,1,0,0.49038461538461536,0.11776141779310849,0.0,
390,1,2,17.0,0.0,0,12.0,0,1,0,0,0.27884615384615385,0.1828309544994698,0.0,
391,1,1,36.0,1.0,0,65.6344,1,0,0,1,0.6442307692307693,1.0,0.4,
392,1,3,21.0,0.0,0,7.7958,1,0,0,1,0.3557692307692308,0.11877612959058055,0.0,
393,0,3,28.0,2.0,0,7.925,1,0,0,1,0.49038461538461536,0.12074460953402484,0.8,
394,1,1,23.0,1.0,0,65.6344,0,1,0,0,0.3942307692307692,1.0,0.4,
395,1,3,24.0,0.0,0,16.7,0,0,0,1,0.41346153846153844,0.25443974501176214,0.0,
396,0,3,22.0,0.0,0,7.7958,1,0,0,1,0.375,0.11877612959058055,0.0,
397,0,3,31.0,0.0,0,7.8542,0,0,0,1,0.5480769230769231,0.11966590690247797,0.0,
398,0,2,46.0,0.0,0,26.0,1,0,0,1,0.8365384615384616,0.3961337347488512,0.0,
399,0,2,23.0,0.0,0,10.5,1,0,0,1,0.3942307692307692,0.15997708518703607,0.0,
400,1,2,28.0,0.0,0,12.65,0,0,0,1,0.49038461538461536,0.19273429786819107,0.0,
401,1,3,39.0,0.0,0,7.925,1,0,0,1,0.7019230769230769,0.12074460953402484,0.0,
402,0,3,26.0,0.0,0,8.05,1,0,0,1,0.4519230769230769,0.12264909864339434,0.0,
403,0,3,21.0,1.0,0,9.825,0,0,0,1,0.3557692307692308,0.1496928439964409,0.4,
404,0,3,28.0,1.0,0,15.85,1,0,0,1,0.49038461538461536,0.24148921906804968,0.4,
405,0,3,20.0,0.0,0,8.6625,0,0,0,1,0.33653846153846156,0.13198109527930474,0.0,
406,0,2,34.0,1.0,0,21.0,1,0,0,1,0.6057692307692307,0.31995417037407214,0.4,
407,0,3,51.0,0.0,0,7.75,1,0,0,1,0.9326923076923077,0.11807832478090757,0.0,
408,1,2,3.0,1.0,0,18.75,1,0,0,1,0.009615384615384616,0.28567336640542157,0.4,
409,0,3,21.0,0.0,0,7.775,1,0,0,1,0.3557692307692308,0.11845922260278148,0.0,
410,0,3,28.0,2.5,0,25.4667,0,0,0,1,0.49038461538461536,0.3880084224126373,1.0,
411,0,3,28.0,0.0,0,7.8958,1,0,0,1,0.49038461538461536,0.12029972087807614,0.0,
412,0,3,28.0,0.0,0,6.8583,1,0,1,0,0.49038461538461536,0.10449246127030946,0.0,
413,1,1,33.0,1.0,0,65.6344,0,0,1,0,0.5865384615384616,1.0,0.4,
414,0,2,28.0,0.0,0,0.0,1,0,0,1,0.49038461538461536,0.0,0.0,
415,1,3,44.0,0.0,0,7.925,1,0,0,1,0.7980769230769231,0.12074460953402484,0.0,
416,0,3,28.0,0.0,0,8.05,0,0,0,1,0.49038461538461536,0.12264909864339434,0.0,
417,1,2,34.0,1.0,0,32.5,0,0,0,1,0.6057692307692307,0.495167168436064,0.4,
418,1,2,18.0,0.0,0,13.0,0,0,0,1,0.2980769230769231,0.1980668673744256,0.0,
419,0,2,30.0,0.0,0,13.0,1,0,0,1,0.5288461538461539,0.1980668673744256,0.0,
420,0,3,10.0,0.0,0,24.15,0,0,0,1,0.14423076923076922,0.36794729593018294,0.0,
421,0,3,28.0,0.0,0,7.8958,1,1,0,0,0.49038461538461536,0.12029972087807614,0.0,
422,0,3,21.0,0.0,0,7.7333,1,0,1,0,0.3557692307692308,0.1178238850358958,0.0,
423,0,3,29.0,0.0,0,7.875,1,0,0,1,0.5096153846153846,0.11998281389027705,0.0,
424,0,3,28.0,1.0,0,14.4,0,0,0,1,0.49038461538461536,0.21939714539936375,0.4,
425,0,3,18.0,1.0,0,20.2125,1,0,0,1,0.2980769230769231,0.3079558889850444,0.4,
426,0,3,28.0,0.0,0,7.25,1,0,0,1,0.49038461538461536,0.11046036834342966,0.0,
427,1,2,28.0,1.0,0,26.0,0,0,0,1,0.49038461538461536,0.3961337347488512,0.4,
428,1,2,19.0,0.0,0,26.0,0,0,0,1,0.3173076923076923,0.3961337347488512,0.0,
429,0,3,28.0,0.0,0,7.75,1,0,1,0,0.49038461538461536,0.11807832478090757,0.0,
430,1,3,32.0,0.0,0,8.05,1,0,0,1,0.5673076923076923,0.12264909864339434,0.0,
431,1,1,28.0,0.0,0,26.55,1,0,0,1,0.49038461538461536,0.40451348683007693,0.0,
432,1,3,28.0,1.0,0,16.1,0,0,0,1,0.49038461538461536,0.24529819728678867,0.4,
433,1,2,42.0,1.0,0,26.0,0,0,0,1,0.7596153846153846,0.3961337347488512,0.4,
434,0,3,17.0,0.0,0,7.125,1,0,0,1,0.27884615384615385,0.1085558792340602,0.0,
435,0,1,50.0,1.0,0,55.9,1,0,0,1,0.9134615384615384,0.8516875297100301,0.4,
436,1,1,14.0,1.0,0,65.6344,0,0,0,1,0.22115384615384615,1.0,0.4,
437,0,3,21.0,2.0,0,34.375,0,0,0,1,0.3557692307692308,0.5237345050766061,0.8,
438,1,2,24.0,2.0,0,18.75,0,0,0,1,0.41346153846153844,0.28567336640542157,0.8,
439,0,1,54.5,1.0,0,65.6344,1,0,0,1,1.0,1.0,0.4,
440,0,2,31.0,0.0,0,10.5,1,0,0,1,0.5480769230769231,0.15997708518703607,0.0,
441,1,2,45.0,1.0,0,26.25,0,0,0,1,0.8173076923076923,0.39994271296759015,0.4,
442,0,3,20.0,0.0,0,9.5,1,0,0,1,0.33653846153846156,0.14474117231208025,0.0,
443,0,3,25.0,1.0,0,7.775,1,0,0,1,0.4326923076923077,0.11845922260278148,0.4,
444,1,2,28.0,0.0,0,13.0,0,0,0,1,0.49038461538461536,0.1980668673744256,0.0,
445,1,3,28.0,0.0,0,8.1125,1,0,0,1,0.49038461538461536,0.12360134319807907,0.0,
446,1,1,4.0,0.0,0,65.6344,1,0,0,1,0.028846153846153848,1.0,0.0,
447,1,2,13.0,0.0,0,19.5,0,0,0,1,0.20192307692307693,0.2971003010616384,0.0,
448,1,1,34.0,0.0,0,26.55,1,0,0,1,0.6057692307692307,0.40451348683007693,0.0,
449,1,3,5.0,2.0,0,19.2583,0,1,0,0,0.04807692307692308,0.29341778091976156,0.8,
450,1,1,52.0,0.0,0,30.5,1,0,0,1,0.9519230769230769,0.46469534268615237,0.0,
451,0,2,36.0,1.0,0,27.75,1,0,0,1,0.6442307692307693,0.42279658228002387,0.4,
452,0,3,28.0,1.0,0,19.9667,1,0,0,1,0.49038461538461536,0.3042109016003803,0.4,
453,0,1,30.0,0.0,0,27.75,1,1,0,0,0.5288461538461539,0.42279658228002387,0.0,
454,1,1,49.0,1.0,0,65.6344,1,1,0,0,0.8942307692307693,1.0,0.4,
455,0,3,28.0,0.0,0,8.05,1,0,0,1,0.49038461538461536,0.12264909864339434,0.0,
456,1,3,29.0,0.0,0,7.8958,1,1,0,0,0.5096153846153846,0.12029972087807614,0.0,
457,0,1,54.5,0.0,0,26.55,1,0,0,1,1.0,0.40451348683007693,0.0,
458,1,1,28.0,1.0,0,51.8625,0,0,0,1,0.49038461538461536,0.790172531477396,0.4,
459,1,2,50.0,0.0,0,10.5,0,0,0,1,0.9134615384615384,0.15997708518703607,0.0,
460,0,3,28.0,0.0,0,7.75,1,0,1,0,0.49038461538461536,0.11807832478090757,0.0,
461,1,1,48.0,0.0,0,26.55,1,0,0,1,0.875,0.40451348683007693,0.0,
462,0,3,34.0,0.0,0,8.05,1,0,0,1,0.6057692307692307,0.12264909864339434,0.0,
463,0,1,47.0,0.0,0,38.5,1,0,0,1,0.8557692307692307,0.5865826456857989,0.0,
464,0,2,48.0,0.0,0,13.0,1,0,0,1,0.875,0.1980668673744256,0.0,
465,0,3,28.0,0.0,0,8.05,1,0,0,1,0.49038461538461536,0.12264909864339434,0.0,
466,0,3,38.0,0.0,0,7.05,1,0,0,1,0.6826923076923077,0.1074131857684385,0.0,
467,0,2,28.0,0.0,0,0.0,1,0,0,1,0.49038461538461536,0.0,0.0,
468,0,1,54.5,0.0,0,26.55,1,0,0,1,1.0,0.40451348683007693,0.0,
469,0,3,28.0,0.0,0,7.725,1,0,1,0,0.49038461538461536,0.11769742695903368,0.0,
470,1,3,2.5,2.0,0,19.2583,0,1,0,0,0.0,0.29341778091976156,0.8,
471,0,3,28.0,0.0,0,7.25,1,0,0,1,0.49038461538461536,0.11046036834342966,0.0,
472,0,3,38.0,0.0,0,8.6625,1,0,0,1,0.6826923076923077,0.13198109527930474,0.0,
473,1,2,33.0,1.0,0,27.75,0,0,0,1,0.5865384615384616,0.42279658228002387,0.4,
474,1,2,23.0,0.0,0,13.7917,0,1,0,0,0.3942307692307692,0.21012913959752813,0.0,
475,0,3,22.0,0.0,0,9.8375,0,0,0,1,0.375,0.14988329290737784,0.0,
476,0,1,28.0,0.0,0,52.0,1,0,0,1,0.49038461538461536,0.7922674694977024,0.0,
477,0,2,34.0,1.0,0,21.0,1,0,0,1,0.6057692307692307,0.31995417037407214,0.4,
478,0,3,29.0,1.0,0,7.0458,1,0,0,1,0.5096153846153846,0.10734919493436369,0.4,
479,0,3,22.0,0.0,0,7.5208,1,0,0,1,0.375,0.11458625354996771,0.0,
480,1,3,2.5,0.0,0,12.2875,0,0,0,1,0.0,0.1872112794510196,0.0,
481,0,3,9.0,2.5,0,46.9,1,0,0,1,0.125,0.7145643138354277,1.0,
482,0,2,28.0,0.0,0,0.0,1,0,0,1,0.49038461538461536,0.0,0.0,
483,0,3,50.0,0.0,0,8.05,1,0,0,1,0.9134615384615384,0.12264909864339434,0.0,
484,1,3,54.5,0.0,0,9.5875,0,0,0,1,1.0,0.14607431468863888,0.0,
485,1,1,25.0,1.0,0,65.6344,1,1,0,0,0.4326923076923077,1.0,0.4,
486,0,3,28.0,2.5,0,25.4667,0,0,0,1,0.49038461538461536,0.3880084224126373,1.0,
487,1,1,35.0,1.0,0,65.6344,0,0,0,1,0.625,1.0,0.4,
488,0,1,54.5,0.0,0,29.7,1,1,0,0,1.0,0.4525066123861877,0.0,
489,0,3,30.0,0.0,0,8.05,1,0,0,1,0.5288461538461539,0.12264909864339434,0.0,
490,1,3,9.0,1.0,0,15.9,1,0,0,1,0.125,0.24225101471179747,0.4,
491,0,3,28.0,1.0,0,19.9667,1,0,0,1,0.49038461538461536,0.3042109016003803,0.4,
492,0,3,21.0,0.0,0,7.25,1,0,0,1,0.3557692307692308,0.11046036834342966,0.0,
493,0,1,54.5,0.0,0,30.5,1,0,0,1,1.0,0.46469534268615237,0.0,
494,0,1,54.5,0.0,0,49.5042,1,1,0,0,1.0,0.7542416781443877,0.0,
495,0,3,21.0,0.0,0,8.05,1,0,0,1,0.3557692307692308,0.12264909864339434,0.0,
496,0,3,28.0,0.0,0,14.4583,1,1,0,0,0.49038461538461536,0.22028539911997366,0.0,
497,1,1,54.0,1.0,0,65.6344,0,1,0,0,0.9903846153846154,1.0,0.4,
498,0,3,28.0,0.0,0,15.1,1,0,0,1,0.49038461538461536,0.23006228441183282,0.0,
499,0,1,25.0,1.0,0,65.6344,0,0,0,1,0.4326923076923077,1.0,0.4,
500,0,3,24.0,0.0,0,7.7958,1,0,0,1,0.41346153846153844,0.11877612959058055,0.0,
501,0,3,17.0,0.0,0,8.6625,1,0,0,1,0.27884615384615385,0.13198109527930474,0.0,
502,0,3,21.0,0.0,0,7.75,0,0,1,0,0.3557692307692308,0.11807832478090757,0.0,
503,0,3,28.0,0.0,0,7.6292,0,0,1,0,0.49038461538461536,0.11623782650561292,0.0,
504,0,3,37.0,0.0,0,9.5875,0,0,0,1,0.6634615384615384,0.14607431468863888,0.0,
505,1,1,16.0,0.0,0,65.6344,0,0,0,1,0.25961538461538464,1.0,0.0,
506,0,1,18.0,1.0,0,65.6344,1,1,0,0,0.2980769230769231,1.0,0.4,
507,1,2,33.0,0.0,0,26.0,0,0,0,1,0.5865384615384616,0.3961337347488512,0.0,
508,1,1,28.0,0.0,0,26.55,1,0,0,1,0.49038461538461536,0.40451348683007693,0.0,
509,0,3,28.0,0.0,0,22.525,1,0,0,1,0.49038461538461536,0.34318893750837975,0.0,
510,1,3,26.0,0.0,0,56.4958,1,0,0,1,0.4519230769230769,0.8607650866009289,0.0,
511,1,3,29.0,0.0,0,7.75,1,0,1,0,0.5096153846153846,0.11807832478090757,0.0,
512,0,3,28.0,0.0,0,8.05,1,0,0,1,0.49038461538461536,0.12264909864339434,0.0,
513,1,1,36.0,0.0,0,26.2875,1,0,0,1,0.6442307692307693,0.40051405970040105,0.0,
514,1,1,54.0,1.0,0,59.4,0,1,0,0,0.9903846153846154,0.9050132247723754,0.4,
515,0,3,24.0,0.0,0,7.4958,1,0,0,1,0.41346153846153844,0.1142053557280938,0.0,
516,0,1,47.0,0.0,0,34.0208,1,0,0,1,0.8557692307692307,0.5183379447362968,0.0,
517,1,2,34.0,0.0,0,10.5,0,0,0,1,0.6057692307692307,0.15997708518703607,0.0,
518,0,3,28.0,0.0,0,24.15,1,0,1,0,0.49038461538461536,0.36794729593018294,0.0,
519,1,2,36.0,1.0,0,26.0,0,0,0,1,0.6442307692307693,0.3961337347488512,0.4,
520,0,3,32.0,0.0,0,7.8958,1,0,0,1,0.5673076923076923,0.12029972087807614,0.0,
521,1,1,30.0,0.0,0,65.6344,0,0,0,1,0.5288461538461539,1.0,0.0,
522,0,3,22.0,0.0,0,7.8958,1,0,0,1,0.375,0.12029972087807614,0.0,
523,0,3,28.0,0.0,0,7.225,1,1,0,0,0.49038461538461536,0.11007947052155577,0.0,
524,1,1,44.0,0.0,0,57.9792,0,1,0,0,0.7980769230769231,0.8833660397596382,0.0,
525,0,3,28.0,0.0,0,7.2292,1,1,0,0,0.49038461538461536,0.11014346135563058,0.0,
526,0,3,40.5,0.0,0,7.75,1,0,1,0,0.7307692307692307,0.11807832478090757,0.0,
527,1,2,50.0,0.0,0,10.5,0,0,0,1,0.9134615384615384,0.15997708518703607,0.0,
528,0,1,28.0,0.0,0,65.6344,1,0,0,1,0.49038461538461536,1.0,0.0,
529,0,3,39.0,0.0,0,7.925,1,0,0,1,0.7019230769230769,0.12074460953402484,0.0,
530,0,2,23.0,2.0,0,11.5,1,0,0,1,0.3942307692307692,0.1752129980619919,0.8,
531,1,2,2.5,1.0,0,26.0,0,0,0,1,0.0,0.3961337347488512,0.4,
532,0,3,28.0,0.0,0,7.2292,1,1,0,0,0.49038461538461536,0.11014346135563058,0.0,
533,0,3,17.0,1.0,0,7.2292,1,1,0,0,0.27884615384615385,0.11014346135563058,0.4,
534,1,3,28.0,0.0,0,22.3583,0,1,0,0,0.49038461538461536,0.3406491108321246,0.0,
535,0,3,30.0,0.0,0,8.6625,0,0,0,1,0.5288461538461539,0.13198109527930474,0.0,
536,1,2,7.0,0.0,0,26.25,0,0,0,1,0.08653846153846154,0.39994271296759015,0.0,
537,0,1,45.0,0.0,0,26.55,1,0,0,1,0.8173076923076923,0.40451348683007693,0.0,
538,1,1,30.0,0.0,0,65.6344,0,1,0,0,0.5288461538461539,1.0,0.0,
539,0,3,28.0,0.0,0,14.5,1,0,0,1,0.49038461538461536,0.22092073668685933,0.0,
540,1,1,22.0,0.0,0,49.5,0,1,0,0,0.375,0.7541776873103129,0.0,
541,1,1,36.0,0.0,0,65.6344,0,0,0,1,0.6442307692307693,1.0,0.0,
542,0,3,9.0,2.5,0,31.275,0,0,0,1,0.125,0.4765031751642431,1.0,
543,0,3,11.0,2.5,0,31.275,0,0,0,1,0.16346153846153846,0.4765031751642431,1.0,
544,1,2,32.0,1.0,0,26.0,1,0,0,1,0.5673076923076923,0.3961337347488512,0.4,
545,0,1,50.0,1.0,0,65.6344,1,1,0,0,0.9134615384615384,1.0,0.4,
546,0,1,54.5,0.0,0,26.0,1,0,0,1,1.0,0.3961337347488512,0.0,
547,1,2,19.0,1.0,0,26.0,0,0,0,1,0.3173076923076923,0.3961337347488512,0.4,
548,1,2,28.0,0.0,0,13.8625,1,1,0,0,0.49038461538461536,0.21120784222907502,0.0,
549,0,3,33.0,1.0,0,20.525,1,0,0,1,0.5865384615384616,0.3127171117584681,0.4,
550,1,2,8.0,1.0,0,36.75,1,0,0,1,0.10576923076923077,0.5599197981546262,0.4,
551,1,1,17.0,0.0,0,65.6344,1,1,0,0,0.27884615384615385,1.0,0.0,
552,0,2,27.0,0.0,0,26.0,1,0,0,1,0.47115384615384615,0.3961337347488512,0.0,
553,0,3,28.0,0.0,0,7.8292,1,0,1,0,0.49038461538461536,0.11928500908060408,0.0,
554,1,3,22.0,0.0,0,7.225,1,1,0,0,0.375,0.11007947052155577,0.0,
555,1,3,22.0,0.0,0,7.775,0,0,0,1,0.375,0.11845922260278148,0.0,
556,0,1,54.5,0.0,0,26.55,1,0,0,1,1.0,0.40451348683007693,0.0,
557,1,1,48.0,1.0,0,39.6,0,1,0,0,0.875,0.6033421498482503,0.4,
558,0,1,28.0,0.0,0,65.6344,1,1,0,0,0.49038461538461536,1.0,0.0,
559,1,1,39.0,1.0,0,65.6344,0,0,0,1,0.7019230769230769,1.0,0.4,
560,1,3,36.0,1.0,0,17.4,0,0,0,1,0.6442307692307693,0.26510488402423116,0.4,
561,0,3,28.0,0.0,0,7.75,1,0,1,0,0.49038461538461536,0.11807832478090757,0.0,
562,0,3,40.0,0.0,0,7.8958,1,0,0,1,0.7211538461538461,0.12029972087807614,0.0,
563,0,2,28.0,0.0,0,13.5,1,0,0,1,0.49038461538461536,0.2056848238119035,0.0,
564,0,3,28.0,0.0,0,8.05,1,0,0,1,0.49038461538461536,0.12264909864339434,0.0,
565,0,3,28.0,0.0,0,8.05,0,0,0,1,0.49038461538461536,0.12264909864339434,0.0,
566,0,3,24.0,2.0,0,24.15,1,0,0,1,0.41346153846153844,0.36794729593018294,0.8,
567,0,3,19.0,0.0,0,7.8958,1,0,0,1,0.3173076923076923,0.12029972087807614,0.0,
568,0,3,29.0,0.0,0,21.075,0,0,0,1,0.5096153846153846,0.3210968638396938,0.0,
569,0,3,28.0,0.0,0,7.2292,1,1,0,0,0.49038461538461536,0.11014346135563058,0.0,
570,1,3,32.0,0.0,0,7.8542,1,0,0,1,0.5673076923076923,0.11966590690247797,0.0,
571,1,2,54.5,0.0,0,10.5,1,0,0,1,1.0,0.15997708518703607,0.0,
572,1,1,53.0,2.0,0,51.4792,0,0,0,1,0.9711538461538461,0.7843326060724254,0.8,
573,1,1,36.0,0.0,0,26.3875,1,0,0,1,0.6442307692307693,0.40203765098789657,0.0,
574,1,3,28.0,0.0,0,7.75,0,0,1,0,0.49038461538461536,0.11807832478090757,0.0,
575,0,3,16.0,0.0,0,8.05,1,0,0,1,0.25961538461538464,0.12264909864339434,0.0,
576,0,3,19.0,0.0,0,14.5,1,0,0,1,0.3173076923076923,0.22092073668685933,0.0,
577,1,2,34.0,0.0,0,13.0,0,0,0,1,0.6057692307692307,0.1980668673744256,0.0,
578,1,1,39.0,1.0,0,55.9,0,0,0,1,0.7019230769230769,0.8516875297100301,0.4,
579,0,3,28.0,1.0,0,14.4583,0,1,0,0,0.49038461538461536,0.22028539911997366,0.4,
580,1,3,32.0,0.0,0,7.925,1,0,0,1,0.5673076923076923,0.12074460953402484,0.0,
581,1,2,25.0,1.0,0,30.0,0,0,0,1,0.4326923076923077,0.4570773862486745,0.4,
582,1,1,39.0,1.0,0,65.6344,0,1,0,0,0.7019230769230769,1.0,0.4,
583,0,2,54.0,0.0,0,26.0,1,0,0,1,0.9903846153846154,0.3961337347488512,0.0,
584,0,1,36.0,0.0,0,40.125,1,1,0,0,0.6442307692307693,0.6113410041076022,0.0,
585,0,3,28.0,0.0,0,8.7125,1,1,0,0,0.49038461538461536,0.13274289092305255,0.0,
586,1,1,18.0,0.0,0,65.6344,0,0,0,1,0.2980769230769231,1.0,0.0,
587,0,2,47.0,0.0,0,15.0,1,0,0,1,0.8557692307692307,0.22853869312433725,0.0,
588,1,1,54.5,1.0,0,65.6344,1,1,0,0,1.0,1.0,0.4,
589,0,3,22.0,0.0,0,8.05,1,0,0,1,0.375,0.12264909864339434,0.0,
590,0,3,28.0,0.0,0,8.05,1,0,0,1,0.49038461538461536,0.12264909864339434,0.0,
591,0,3,35.0,0.0,0,7.125,1,0,0,1,0.625,0.1085558792340602,0.0,
592,1,1,52.0,1.0,0,65.6344,0,1,0,0,0.9519230769230769,1.0,0.4,
593,0,3,47.0,0.0,0,7.25,1,0,0,1,0.8557692307692307,0.11046036834342966,0.0,
594,0,3,28.0,0.0,0,7.75,0,0,1,0,0.49038461538461536,0.11807832478090757,0.0,
595,0,2,37.0,1.0,0,26.0,1,0,0,1,0.6634615384615384,0.3961337347488512,0.4,
596,0,3,36.0,1.0,0,24.15,1,0,0,1,0.6442307692307693,0.36794729593018294,0.4,
597,1,2,28.0,0.0,0,33.0,0,0,0,1,0.49038461538461536,0.5027851248735419,0.0,
598,0,3,49.0,0.0,0,0.0,1,0,0,1,0.8942307692307693,0.0,0.0,
599,0,3,28.0,0.0,0,7.225,1,1,0,0,0.49038461538461536,0.11007947052155577,0.0,
600,1,1,49.0,1.0,0,56.9292,1,1,0,0,0.8942307692307693,0.8673683312409347,0.4,
601,1,2,24.0,2.0,0,27.0,0,0,0,1,0.41346153846153844,0.411369647623807,0.8,
602,0,3,28.0,0.0,0,7.8958,1,0,0,1,0.49038461538461536,0.12029972087807614,0.0,
603,0,1,28.0,0.0,0,42.4,1,0,0,1,0.49038461538461536,0.6460027058981266,0.0,
604,0,3,44.0,0.0,0,8.05,1,0,0,1,0.7980769230769231,0.12264909864339434,0.0,
605,1,1,35.0,0.0,0,26.55,1,1,0,0,0.625,0.40451348683007693,0.0,
606,0,3,36.0,1.0,0,15.55,1,0,0,1,0.6442307692307693,0.23691844520556296,0.4,
607,0,3,30.0,0.0,0,7.8958,1,0,0,1,0.5288461538461539,0.12029972087807614,0.0,
608,1,1,27.0,0.0,0,30.5,1,0,0,1,0.47115384615384615,0.46469534268615237,0.0,
609,1,2,22.0,1.0,0,41.5792,0,1,0,0,0.375,0.6334970686103628,0.4,
610,1,1,40.0,0.0,0,65.6344,0,0,0,1,0.7211538461538461,1.0,0.0,
611,0,3,39.0,1.0,0,31.275,0,0,0,1,0.7019230769230769,0.4765031751642431,0.4,
612,0,3,28.0,0.0,0,7.05,1,0,0,1,0.49038461538461536,0.1074131857684385,0.0,
613,1,3,28.0,1.0,0,15.5,0,0,1,0,0.49038461538461536,0.23615664956181515,0.4,
614,0,3,28.0,0.0,0,7.75,1,0,1,0,0.49038461538461536,0.11807832478090757,0.0,
615,0,3,35.0,0.0,0,8.05,1,0,0,1,0.625,0.12264909864339434,0.0,
616,1,2,24.0,1.0,0,65.0,0,0,0,1,0.41346153846153844,0.990334336872128,0.4,
617,0,3,34.0,1.0,0,14.4,1,0,0,1,0.6057692307692307,0.21939714539936375,0.4,
618,0,3,26.0,1.0,0,16.1,0,0,0,1,0.4519230769230769,0.24529819728678867,0.4,
619,1,2,4.0,2.0,0,39.0,0,0,0,1,0.028846153846153848,0.5942006021232769,0.8,
620,0,2,26.0,0.0,0,10.5,1,0,0,1,0.4519230769230769,0.15997708518703607,0.0,
621,0,3,27.0,1.0,0,14.4542,1,1,0,0,0.47115384615384615,0.22022293187718636,0.4,
622,1,1,42.0,1.0,0,52.5542,1,0,0,1,0.7596153846153846,0.8007112124130029,0.4,
623,1,3,20.0,1.0,0,15.7417,1,1,0,0,0.33653846153846156,0.23983916970369196,0.4,
624,0,3,21.0,0.0,0,7.8542,1,0,0,1,0.3557692307692308,0.11966590690247797,0.0,
625,0,3,21.0,0.0,0,16.1,1,0,0,1,0.3557692307692308,0.24529819728678867,0.0,
626,0,1,54.5,0.0,0,32.3208,1,0,0,1,1.0,0.49243689284887193,0.0,
627,0,2,54.5,0.0,0,12.35,1,0,1,0,1.0,0.18816352400570432,0.0,
628,1,1,21.0,0.0,0,65.6344,0,0,0,1,0.3557692307692308,1.0,0.0,
629,0,3,26.0,0.0,0,7.8958,1,0,0,1,0.4519230769230769,0.12029972087807614,0.0,
630,0,3,28.0,0.0,0,7.7333,1,0,1,0,0.49038461538461536,0.1178238850358958,0.0,
631,1,1,54.5,0.0,0,30.0,1,0,0,1,1.0,0.4570773862486745,0.0,
632,0,3,51.0,0.0,0,7.0542,1,0,0,1,0.9326923076923077,0.10747717660251331,0.0,
633,1,1,32.0,0.0,0,30.5,1,1,0,0,0.5673076923076923,0.46469534268615237,0.0,
634,0,1,28.0,0.0,0,0.0,1,0,0,1,0.49038461538461536,0.0,0.0,
635,0,3,9.0,2.5,0,27.9,0,0,0,1,0.125,0.42508196921126723,1.0,
636,1,2,28.0,0.0,0,13.0,0,0,0,1,0.49038461538461536,0.1980668673744256,0.0,
637,0,3,32.0,0.0,0,7.925,1,0,0,1,0.5673076923076923,0.12074460953402484,0.0,
638,0,2,31.0,1.0,0,26.25,1,0,0,1,0.5480769230769231,0.39994271296759015,0.4,
639,0,3,41.0,0.0,0,39.6875,0,0,0,1,0.7403846153846154,0.604675292224809,0.0,
640,0,3,28.0,1.0,0,16.1,1,0,0,1,0.49038461538461536,0.24529819728678867,0.4,
641,0,3,20.0,0.0,0,7.8542,1,0,0,1,0.33653846153846156,0.11966590690247797,0.0,
642,1,1,24.0,0.0,0,65.6344,0,1,0,0,0.41346153846153844,1.0,0.0,
643,0,3,2.5,2.5,0,27.9,0,0,0,1,0.0,0.42508196921126723,1.0,
644,1,3,28.0,0.0,0,56.4958,1,0,0,1,0.49038461538461536,0.8607650866009289,0.0,
645,1,3,2.5,2.0,0,19.2583,0,1,0,0,0.0,0.29341778091976156,0.8,
646,1,1,48.0,1.0,0,65.6344,1,1,0,0,0.875,1.0,0.4,
647,0,3,19.0,0.0,0,7.8958,1,0,0,1,0.3173076923076923,0.12029972087807614,0.0,
648,1,1,54.5,0.0,0,35.5,1,1,0,0,1.0,0.5408749070609314,0.0,
649,0,3,28.0,0.0,0,7.55,1,0,0,1,0.49038461538461536,0.11503114220591641,0.0,
650,1,3,23.0,0.0,0,7.55,0,0,0,1,0.3942307692307692,0.11503114220591641,0.0,
651,0,3,28.0,0.0,0,7.8958,1,0,0,1,0.49038461538461536,0.12029972087807614,0.0,
652,1,2,18.0,0.0,0,23.0,0,0,0,1,0.2980769230769231,0.3504259961239838,0.0,
653,0,3,21.0,0.0,0,8.4333,1,0,0,1,0.3557692307692308,0.12848902404836487,0.0,
654,1,3,28.0,0.0,0,7.8292,0,0,1,0,0.49038461538461536,0.11928500908060408,0.0,
655,0,3,18.0,0.0,0,6.75,0,0,1,0,0.2980769230769231,0.10284241190595175,0.0,
656,0,2,24.0,2.0,0,65.6344,1,0,0,1,0.41346153846153844,1.0,0.8,
657,0,3,28.0,0.0,0,7.8958,1,0,0,1,0.49038461538461536,0.12029972087807614,0.0,
658,0,3,32.0,1.0,0,15.5,0,0,1,0,0.5673076923076923,0.23615664956181515,0.4,
659,0,2,23.0,0.0,0,13.0,1,0,0,1,0.3942307692307692,0.1980668673744256,0.0,
660,0,1,54.5,0.0,0,65.6344,1,1,0,0,1.0,1.0,0.0,
661,1,1,50.0,2.0,0,65.6344,1,0,0,1,0.9134615384615384,1.0,0.8,
662,0,3,40.0,0.0,0,7.225,1,1,0,0,0.7211538461538461,0.11007947052155577,0.0,
663,0,1,47.0,0.0,0,25.5875,1,0,0,1,0.8557692307692307,0.3898489206879319,0.0,
664,0,3,36.0,0.0,0,7.4958,1,0,0,1,0.6442307692307693,0.1142053557280938,0.0,
665,1,3,20.0,1.0,0,7.925,1,0,0,1,0.33653846153846156,0.12074460953402484,0.4,
666,0,2,32.0,2.0,0,65.6344,1,0,0,1,0.5673076923076923,1.0,0.8,
667,0,2,25.0,0.0,0,13.0,1,0,0,1,0.4326923076923077,0.1980668673744256,0.0,
668,0,3,28.0,0.0,0,7.775,1,0,0,1,0.49038461538461536,0.11845922260278148,0.0,
669,0,3,43.0,0.0,0,8.05,1,0,0,1,0.7788461538461539,0.12264909864339434,0.0,
670,1,1,28.0,1.0,0,52.0,0,0,0,1,0.49038461538461536,0.7922674694977024,0.4,
671,1,2,40.0,1.0,0,39.0,0,0,0,1,0.7211538461538461,0.5942006021232769,0.4,
672,0,1,31.0,1.0,0,52.0,1,0,0,1,0.5480769230769231,0.7922674694977024,0.4,
673,0,2,54.5,0.0,0,10.5,1,0,0,1,1.0,0.15997708518703607,0.0,
674,1,2,31.0,0.0,0,13.0,1,0,0,1,0.5480769230769231,0.1980668673744256,0.0,
675,0,2,28.0,0.0,0,0.0,1,0,0,1,0.49038461538461536,0.0,0.0,
676,0,3,18.0,0.0,0,7.775,1,0,0,1,0.2980769230769231,0.11845922260278148,0.0,
677,0,3,24.5,0.0,0,8.05,1,0,0,1,0.4230769230769231,0.12264909864339434,0.0,
678,1,3,18.0,0.0,0,9.8417,0,0,0,1,0.2980769230769231,0.14994728374145264,0.0,
679,0,3,43.0,1.0,0,46.9,0,0,0,1,0.7788461538461539,0.7145643138354277,0.4,
680,1,1,36.0,0.0,0,65.6344,1,1,0,0,0.6442307692307693,1.0,0.0,
681,0,3,28.0,0.0,0,8.1375,0,0,1,0,0.49038461538461536,0.12398224101995294,0.0,
682,1,1,27.0,0.0,0,65.6344,1,1,0,0,0.47115384615384615,1.0,0.0,
683,0,3,20.0,0.0,0,9.225,1,0,0,1,0.33653846153846156,0.1405512962714674,0.0,
684,0,3,14.0,2.5,0,46.9,1,0,0,1,0.22115384615384615,0.7145643138354277,1.0,
685,0,2,54.5,1.0,0,39.0,1,0,0,1,1.0,0.5942006021232769,0.4,
686,0,2,25.0,1.0,0,41.5792,1,1,0,0,0.4326923076923077,0.6334970686103628,0.4,
687,0,3,14.0,2.5,0,39.6875,1,0,0,1,0.22115384615384615,0.604675292224809,1.0,
688,0,3,19.0,0.0,0,10.1708,1,0,0,1,0.3173076923076923,0.1549614226686006,0.0,
689,0,3,18.0,0.0,0,7.7958,1,0,0,1,0.2980769230769231,0.11877612959058055,0.0,
690,1,1,15.0,0.0,0,65.6344,0,0,0,1,0.2403846153846154,1.0,0.0,
691,1,1,31.0,1.0,0,57.0,1,0,0,1,0.5480769230769231,0.8684470338724816,0.4,
692,1,3,4.0,0.0,0,13.4167,0,1,0,0,0.028846153846153848,0.2044156722694197,0.0,
693,1,3,28.0,0.0,0,56.4958,1,0,0,1,0.49038461538461536,0.8607650866009289,0.0,
694,0,3,25.0,0.0,0,7.225,1,1,0,0,0.4326923076923077,0.11007947052155577,0.0,
695,0,1,54.5,0.0,0,26.55,1,0,0,1,1.0,0.40451348683007693,0.0,
696,0,2,52.0,0.0,0,13.5,1,0,0,1,0.9519230769230769,0.2056848238119035,0.0,
697,0,3,44.0,0.0,0,8.05,1,0,0,1,0.7980769230769231,0.12264909864339434,0.0,
698,1,3,28.0,0.0,0,7.7333,0,0,1,0,0.49038461538461536,0.1178238850358958,0.0,
699,0,1,49.0,1.0,0,65.6344,1,1,0,0,0.8942307692307693,1.0,0.4,
700,0,3,42.0,0.0,0,7.65,1,0,0,1,0.7596153846153846,0.116554733493412,0.0,
701,1,1,18.0,1.0,0,65.6344,0,1,0,0,0.2980769230769231,1.0,0.4,
702,1,1,35.0,0.0,0,26.2875,1,0,0,1,0.625,0.40051405970040105,0.0,
703,0,3,18.0,0.0,0,14.4542,0,1,0,0,0.2980769230769231,0.22022293187718636,0.0,
704,0,3,25.0,0.0,0,7.7417,1,0,1,0,0.4326923076923077,0.11795186670404544,0.0,
705,0,3,26.0,1.0,0,7.8542,1,0,0,1,0.4519230769230769,0.11966590690247797,0.4,
706,0,2,39.0,0.0,0,26.0,1,0,0,1,0.7019230769230769,0.3961337347488512,0.0,
707,1,2,45.0,0.0,0,13.5,0,0,0,1,0.8173076923076923,0.2056848238119035,0.0,
708,1,1,42.0,0.0,0,26.2875,1,0,0,1,0.7596153846153846,0.40051405970040105,0.0,
709,1,1,22.0,0.0,0,65.6344,0,0,0,1,0.375,1.0,0.0,
710,1,3,28.0,1.0,0,15.2458,1,1,0,0,0.49038461538461536,0.23228368050900136,0.4,
711,1,1,24.0,0.0,0,49.5042,0,1,0,0,0.41346153846153844,0.7542416781443877,0.0,
712,0,1,28.0,0.0,0,26.55,1,0,0,1,0.49038461538461536,0.40451348683007693,0.0,
713,1,1,48.0,1.0,0,52.0,1,0,0,1,0.875,0.7922674694977024,0.4,
714,0,3,29.0,0.0,0,9.4833,1,0,0,1,0.5096153846153846,0.14448673256706848,0.0,
715,0,2,52.0,0.0,0,13.0,1,0,0,1,0.9519230769230769,0.1980668673744256,0.0,
716,0,3,19.0,0.0,0,7.65,1,0,0,1,0.3173076923076923,0.116554733493412,0.0,
717,1,1,38.0,0.0,0,65.6344,0,1,0,0,0.6826923076923077,1.0,0.0,
718,1,2,27.0,0.0,0,10.5,0,0,0,1,0.47115384615384615,0.15997708518703607,0.0,
719,0,3,28.0,0.0,0,15.5,1,0,1,0,0.49038461538461536,0.23615664956181515,0.0,
720,0,3,33.0,0.0,0,7.775,1,0,0,1,0.5865384615384616,0.11845922260278148,0.0,
721,1,2,6.0,0.0,0,33.0,0,0,0,1,0.0673076923076923,0.5027851248735419,0.0,
722,0,3,17.0,1.0,0,7.0542,1,0,0,1,0.27884615384615385,0.10747717660251331,0.4,
723,0,2,34.0,0.0,0,13.0,1,0,0,1,0.6057692307692307,0.1980668673744256,0.0,
724,0,2,50.0,0.0,0,13.0,1,0,0,1,0.9134615384615384,0.1980668673744256,0.0,
725,1,1,27.0,1.0,0,53.1,1,0,0,1,0.47115384615384615,0.8090269736601539,0.4,
726,0,3,20.0,0.0,0,8.6625,1,0,0,1,0.33653846153846156,0.13198109527930474,0.0,
727,1,2,30.0,2.5,0,21.0,0,0,0,1,0.5288461538461539,0.31995417037407214,1.0,
728,1,3,28.0,0.0,0,7.7375,0,0,1,0,0.49038461538461536,0.11788787586997063,0.0,
729,0,2,25.0,1.0,0,26.0,1,0,0,1,0.4326923076923077,0.3961337347488512,0.4,
730,0,3,25.0,1.0,0,7.925,0,0,0,1,0.4326923076923077,0.12074460953402484,0.4,
731,1,1,29.0,0.0,0,65.6344,0,0,0,1,0.5096153846153846,1.0,0.0,
732,0,3,11.0,0.0,0,18.7875,1,1,0,0,0.16346153846153846,0.2862447131382324,0.0,
733,0,2,28.0,0.0,0,0.0,1,0,0,1,0.49038461538461536,0.0,0.0,
734,0,2,23.0,0.0,0,13.0,1,0,0,1,0.3942307692307692,0.1980668673744256,0.0,
735,0,2,23.0,0.0,0,13.0,1,0,0,1,0.3942307692307692,0.1980668673744256,0.0,
736,0,3,28.5,0.0,0,16.1,1,0,0,1,0.5,0.24529819728678867,0.0,
737,0,3,48.0,1.0,0,34.375,0,0,0,1,0.875,0.5237345050766061,0.4,
738,1,1,35.0,0.0,0,65.6344,1,1,0,0,0.625,1.0,0.0,
739,0,3,28.0,0.0,0,7.8958,1,0,0,1,0.49038461538461536,0.12029972087807614,0.0,
740,0,3,28.0,0.0,0,7.8958,1,0,0,1,0.49038461538461536,0.12029972087807614,0.0,
741,1,1,28.0,0.0,0,30.0,1,0,0,1,0.49038461538461536,0.4570773862486745,0.0,
742,0,1,36.0,1.0,0,65.6344,1,0,0,1,0.6442307692307693,1.0,0.4,
743,1,1,21.0,2.0,0,65.6344,0,1,0,0,0.3557692307692308,1.0,0.8,
744,0,3,24.0,1.0,0,16.1,1,0,0,1,0.41346153846153844,0.24529819728678867,0.4,
745,1,3,31.0,0.0,0,7.925,1,0,0,1,0.5480769230769231,0.12074460953402484,0.0,
746,0,1,54.5,1.0,0,65.6344,1,0,0,1,1.0,1.0,0.4,
747,0,3,16.0,1.0,0,20.25,1,0,0,1,0.25961538461538464,0.3085272357178553,0.4,
748,1,2,30.0,0.0,0,13.0,0,0,0,1,0.5288461538461539,0.1980668673744256,0.0,
749,0,1,19.0,1.0,0,53.1,1,0,0,1,0.3173076923076923,0.8090269736601539,0.4,
750,0,3,31.0,0.0,0,7.75,1,0,1,0,0.5480769230769231,0.11807832478090757,0.0,
751,1,2,4.0,1.0,0,23.0,0,0,0,1,0.028846153846153848,0.3504259961239838,0.4,
752,1,3,6.0,0.0,0,12.475,1,0,0,1,0.0673076923076923,0.1900680131150738,0.0,
753,0,3,33.0,0.0,0,9.5,1,0,0,1,0.5865384615384616,0.14474117231208025,0.0,
754,0,3,23.0,0.0,0,7.8958,1,0,0,1,0.3942307692307692,0.12029972087807614,0.0,
755,1,2,48.0,1.0,0,65.0,0,0,0,1,0.875,0.990334336872128,0.4,
756,1,2,2.5,1.0,0,14.5,1,0,0,1,0.0,0.22092073668685933,0.4,
757,0,3,28.0,0.0,0,7.7958,1,0,0,1,0.49038461538461536,0.11877612959058055,0.0,
758,0,2,18.0,0.0,0,11.5,1,0,0,1,0.2980769230769231,0.1752129980619919,0.0,
759,0,3,34.0,0.0,0,8.05,1,0,0,1,0.6057692307692307,0.12264909864339434,0.0,
760,1,1,33.0,0.0,0,65.6344,0,0,0,1,0.5865384615384616,1.0,0.0,
761,0,3,28.0,0.0,0,14.5,1,0,0,1,0.49038461538461536,0.22092073668685933,0.0,
762,0,3,41.0,0.0,0,7.125,1,0,0,1,0.7403846153846154,0.1085558792340602,0.0,
763,1,3,20.0,0.0,0,7.2292,1,1,0,0,0.33653846153846156,0.11014346135563058,0.0,
764,1,1,36.0,1.0,0,65.6344,0,0,0,1,0.6442307692307693,1.0,0.4,
765,0,3,16.0,0.0,0,7.775,1,0,0,1,0.25961538461538464,0.11845922260278148,0.0,
766,1,1,51.0,1.0,0,65.6344,0,0,0,1,0.9326923076923077,1.0,0.4,
767,0,1,28.0,0.0,0,39.6,1,1,0,0,0.49038461538461536,0.6033421498482503,0.0,
768,0,3,30.5,0.0,0,7.75,0,0,1,0,0.5384615384615384,0.11807832478090757,0.0,
769,0,3,28.0,1.0,0,24.15,1,0,1,0,0.49038461538461536,0.36794729593018294,0.4,
770,0,3,32.0,0.0,0,8.3625,1,0,0,1,0.5673076923076923,0.12741032141681802,0.0,
771,0,3,24.0,0.0,0,9.5,1,0,0,1,0.41346153846153844,0.14474117231208025,0.0,
772,0,3,48.0,0.0,0,7.8542,1,0,0,1,0.875,0.11966590690247797,0.0,
773,0,2,54.5,0.0,0,10.5,0,0,0,1,1.0,0.15997708518703607,0.0,
774,0,3,28.0,0.0,0,7.225,1,1,0,0,0.49038461538461536,0.11007947052155577,0.0,
775,1,2,54.0,1.0,0,23.0,0,0,0,1,0.9903846153846154,0.3504259961239838,0.4,
776,0,3,18.0,0.0,0,7.75,1,0,0,1,0.2980769230769231,0.11807832478090757,0.0,
777,0,3,28.0,0.0,0,7.75,1,0,1,0,0.49038461538461536,0.11807832478090757,0.0,
778,1,3,5.0,0.0,0,12.475,0,0,0,1,0.04807692307692308,0.1900680131150738,0.0,
779,0,3,28.0,0.0,0,7.7375,1,0,1,0,0.49038461538461536,0.11788787586997063,0.0,
780,1,1,43.0,0.0,0,65.6344,0,0,0,1,0.7788461538461539,1.0,0.0,
781,1,3,13.0,0.0,0,7.2292,0,1,0,0,0.20192307692307693,0.11014346135563058,0.0,
782,1,1,17.0,1.0,0,57.0,0,0,0,1,0.27884615384615385,0.8684470338724816,0.4,
783,0,1,29.0,0.0,0,30.0,1,0,0,1,0.5096153846153846,0.4570773862486745,0.0,
784,0,3,28.0,1.0,0,23.45,1,0,0,1,0.49038461538461536,0.35728215691771387,0.4,
785,0,3,25.0,0.0,0,7.05,1,0,0,1,0.4326923076923077,0.1074131857684385,0.0,
786,0,3,25.0,0.0,0,7.25,1,0,0,1,0.4326923076923077,0.11046036834342966,0.0,
787,1,3,18.0,0.0,0,7.4958,0,0,0,1,0.2980769230769231,0.1142053557280938,0.0,
788,0,3,8.0,2.5,0,29.125,1,0,1,0,0.10576923076923077,0.4437459624830881,1.0,
789,1,3,2.5,1.0,0,20.575,1,0,0,1,0.0,0.3134789074022159,0.4,
790,0,1,46.0,0.0,0,65.6344,1,1,0,0,0.8365384615384616,1.0,0.0,
791,0,3,28.0,0.0,0,7.75,1,0,1,0,0.49038461538461536,0.11807832478090757,0.0,
792,0,2,16.0,0.0,0,26.0,1,0,0,1,0.25961538461538464,0.3961337347488512,0.0,
793,0,3,28.0,2.5,0,65.6344,0,0,0,1,0.49038461538461536,1.0,1.0,
794,0,1,28.0,0.0,0,30.6958,1,1,0,0,0.49038461538461536,0.4676785344270687,0.0,
795,0,3,25.0,0.0,0,7.8958,1,0,0,1,0.4326923076923077,0.12029972087807614,0.0,
796,0,2,39.0,0.0,0,13.0,1,0,0,1,0.7019230769230769,0.1980668673744256,0.0,
797,1,1,49.0,0.0,0,25.9292,0,0,0,1,0.8942307692307693,0.39505503211730436,0.0,
798,1,3,31.0,0.0,0,8.6833,0,0,0,1,0.5480769230769231,0.13229800226710384,0.0,
799,0,3,30.0,0.0,0,7.2292,1,1,0,0,0.5288461538461539,0.11014346135563058,0.0,
800,0,3,30.0,1.0,0,24.15,0,0,0,1,0.5288461538461539,0.36794729593018294,0.4,
801,0,2,34.0,0.0,0,13.0,1,0,0,1,0.6057692307692307,0.1980668673744256,0.0,
802,1,2,31.0,1.0,0,26.25,0,0,0,1,0.5480769230769231,0.39994271296759015,0.4,
803,1,1,11.0,1.0,0,65.6344,1,0,0,1,0.16346153846153846,1.0,0.4,
804,1,3,2.5,0.0,0,8.5167,1,1,0,0,0.0,0.1297596991821362,0.0,
805,1,3,27.0,0.0,0,6.975,1,0,0,1,0.47115384615384615,0.10627049230281681,0.0,
806,0,3,31.0,0.0,0,7.775,1,0,0,1,0.5480769230769231,0.11845922260278148,0.0,
807,0,1,39.0,0.0,0,0.0,1,0,0,1,0.7019230769230769,0.0,0.0,
808,0,3,18.0,0.0,0,7.775,0,0,0,1,0.2980769230769231,0.11845922260278148,0.0,
809,0,2,39.0,0.0,0,13.0,1,0,0,1,0.7019230769230769,0.1980668673744256,0.0,
810,1,1,33.0,1.0,0,53.1,0,0,0,1,0.5865384615384616,0.8090269736601539,0.4,
811,0,3,26.0,0.0,0,7.8875,1,0,0,1,0.4519230769230769,0.120173262801214,0.0,
812,0,3,39.0,0.0,0,24.15,1,0,0,1,0.7019230769230769,0.36794729593018294,0.0,
813,0,2,35.0,0.0,0,10.5,1,0,0,1,0.625,0.15997708518703607,0.0,
814,0,3,6.0,2.5,0,31.275,0,0,0,1,0.0673076923076923,0.4765031751642431,1.0,
815,0,3,30.5,0.0,0,8.05,1,0,0,1,0.5384615384615384,0.12264909864339434,0.0,
816,0,1,28.0,0.0,0,0.0,1,0,0,1,0.49038461538461536,0.0,0.0,
817,0,3,23.0,0.0,0,7.925,0,0,0,1,0.3942307692307692,0.12074460953402484,0.0,
818,0,2,31.0,1.0,0,37.0042,1,1,0,0,0.5480769230769231,0.56379276720744,0.4,
819,0,3,43.0,0.0,0,6.45,1,0,0,1,0.7788461538461539,0.09827163804346502,0.0,
820,0,3,10.0,2.5,0,27.9,1,0,0,1,0.14423076923076922,0.42508196921126723,1.0,
821,1,1,52.0,1.0,0,65.6344,0,0,0,1,0.9519230769230769,1.0,0.4,
822,1,3,27.0,0.0,0,8.6625,1,0,0,1,0.47115384615384615,0.13198109527930474,0.0,
823,0,1,38.0,0.0,0,0.0,1,0,0,1,0.6826923076923077,0.0,0.0,
824,1,3,27.0,0.0,0,12.475,0,0,0,1,0.47115384615384615,0.1900680131150738,0.0,
825,0,3,2.5,2.5,0,39.6875,1,0,0,1,0.0,0.604675292224809,1.0,
826,0,3,28.0,0.0,0,6.95,1,0,1,0,0.49038461538461536,0.10588959448094293,0.0,
827,0,3,28.0,0.0,0,56.4958,1,0,0,1,0.49038461538461536,0.8607650866009289,0.0,
828,1,2,2.5,0.0,0,37.0042,1,1,0,0,0.0,0.56379276720744,0.0,
829,1,3,28.0,0.0,0,7.75,1,0,1,0,0.49038461538461536,0.11807832478090757,0.0,
830,1,1,54.5,0.0,0,65.6344,0,0,0,1,1.0,1.0,0.0,
831,1,3,15.0,1.0,0,14.4542,0,1,0,0,0.2403846153846154,0.22022293187718636,0.4,
832,1,2,2.5,1.0,0,18.75,1,0,0,1,0.0,0.28567336640542157,0.4,
833,0,3,28.0,0.0,0,7.2292,1,1,0,0,0.49038461538461536,0.11014346135563058,0.0,
834,0,3,23.0,0.0,0,7.8542,1,0,0,1,0.3942307692307692,0.11966590690247797,0.0,
835,0,3,18.0,0.0,0,8.3,1,0,0,1,0.2980769230769231,0.12645807686213328,0.0,
836,1,1,39.0,1.0,0,65.6344,0,1,0,0,0.7019230769230769,1.0,0.4,
837,0,3,21.0,0.0,0,8.6625,1,0,0,1,0.3557692307692308,0.13198109527930474,0.0,
838,0,3,28.0,0.0,0,8.05,1,0,0,1,0.49038461538461536,0.12264909864339434,0.0,
839,1,3,32.0,0.0,0,56.4958,1,0,0,1,0.5673076923076923,0.8607650866009289,0.0,
840,1,1,28.0,0.0,0,29.7,1,1,0,0,0.49038461538461536,0.4525066123861877,0.0,
841,0,3,20.0,0.0,0,7.925,1,0,0,1,0.33653846153846156,0.12074460953402484,0.0,
842,0,2,16.0,0.0,0,10.5,1,0,0,1,0.25961538461538464,0.15997708518703607,0.0,
843,1,1,30.0,0.0,0,31.0,0,1,0,0,0.5288461538461539,0.4723132991236303,0.0,
844,0,3,34.5,0.0,0,6.4375,1,1,0,0,0.6153846153846154,0.09808118913252807,0.0,
845,0,3,17.0,0.0,0,8.6625,1,0,0,1,0.27884615384615385,0.13198109527930474,0.0,
846,0,3,42.0,0.0,0,7.55,1,0,0,1,0.7596153846153846,0.11503114220591641,0.0,
847,0,3,28.0,2.5,0,65.6344,1,0,0,1,0.49038461538461536,1.0,1.0,
848,0,3,35.0,0.0,0,7.8958,1,1,0,0,0.625,0.12029972087807614,0.0,
849,0,2,28.0,0.0,0,33.0,1,0,0,1,0.49038461538461536,0.5027851248735419,0.0,
850,1,1,28.0,1.0,0,65.6344,0,1,0,0,0.49038461538461536,1.0,0.4,
851,0,3,4.0,2.5,0,31.275,1,0,0,1,0.028846153846153848,0.4765031751642431,1.0,
852,0,3,54.5,0.0,0,7.775,1,0,0,1,1.0,0.11845922260278148,0.0,
853,0,3,9.0,1.0,0,15.2458,0,1,0,0,0.125,0.23228368050900136,0.4,
854,1,1,16.0,0.0,0,39.4,0,0,0,1,0.25961538461538464,0.6002949672732592,0.0,
855,0,2,44.0,1.0,0,26.0,0,0,0,1,0.7980769230769231,0.3961337347488512,0.4,
856,1,3,18.0,0.0,0,9.35,0,0,0,1,0.2980769230769231,0.14245578538083686,0.0,
857,1,1,45.0,1.0,0,65.6344,0,0,0,1,0.8173076923076923,1.0,0.4,
858,1,1,51.0,0.0,0,26.55,1,0,0,1,0.9326923076923077,0.40451348683007693,0.0,
859,1,3,24.0,0.0,0,19.2583,0,1,0,0,0.41346153846153844,0.29341778091976156,0.0,
860,0,3,28.0,0.0,0,7.2292,1,1,0,0,0.49038461538461536,0.11014346135563058,0.0,
861,0,3,41.0,2.0,0,14.1083,1,0,0,1,0.7403846153846154,0.21495282961373913,0.8,
862,0,2,21.0,1.0,0,11.5,1,0,0,1,0.3557692307692308,0.1752129980619919,0.4,
863,1,1,48.0,0.0,0,25.9292,0,0,0,1,0.875,0.39505503211730436,0.0,
864,0,3,28.0,2.5,0,65.6344,0,0,0,1,0.49038461538461536,1.0,1.0,
865,0,2,24.0,0.0,0,13.0,1,0,0,1,0.41346153846153844,0.1980668673744256,0.0,
866,1,2,42.0,0.0,0,13.0,0,0,0,1,0.7596153846153846,0.1980668673744256,0.0,
867,1,2,27.0,1.0,0,13.8583,0,1,0,0,0.47115384615384615,0.2111438513950002,0.4,
868,0,1,31.0,0.0,0,50.4958,1,0,0,1,0.5480769230769231,0.7693496093511939,0.0,
869,0,3,28.0,0.0,0,9.5,1,0,0,1,0.49038461538461536,0.14474117231208025,0.0,
870,1,3,4.0,1.0,0,11.1333,1,0,0,1,0.028846153846153848,0.1696259888107456,0.4,
871,0,3,26.0,0.0,0,7.8958,1,0,0,1,0.4519230769230769,0.12029972087807614,0.0,
872,1,1,47.0,1.0,0,52.5542,0,0,0,1,0.8557692307692307,0.8007112124130029,0.4,
873,0,1,33.0,0.0,0,5.0,1,0,0,1,0.5865384615384616,0.07617956437477907,0.0,
874,0,3,47.0,0.0,0,9.0,1,0,0,1,0.8557692307692307,0.13712321587460236,0.0,
875,1,2,28.0,1.0,0,24.0,0,1,0,0,0.49038461538461536,0.3656619089989396,0.4,
876,1,3,15.0,0.0,0,7.225,0,1,0,0,0.2403846153846154,0.11007947052155577,0.0,
877,0,3,20.0,0.0,0,9.8458,1,0,0,1,0.33653846153846156,0.15000975098424,0.0,
878,0,3,19.0,0.0,0,7.8958,1,0,0,1,0.3173076923076923,0.12029972087807614,0.0,
879,0,3,28.0,0.0,0,7.8958,1,0,0,1,0.49038461538461536,0.12029972087807614,0.0,
880,1,1,54.5,0.0,0,65.6344,0,1,0,0,1.0,1.0,0.0,
881,1,2,25.0,0.0,0,26.0,0,0,0,1,0.4326923076923077,0.3961337347488512,0.0,
882,0,3,33.0,0.0,0,7.8958,1,0,0,1,0.5865384615384616,0.12029972087807614,0.0,
883,0,3,22.0,0.0,0,10.5167,0,0,0,1,0.375,0.16023152493204784,0.0,
884,0,2,28.0,0.0,0,10.5,1,0,0,1,0.49038461538461536,0.15997708518703607,0.0,
885,0,3,25.0,0.0,0,7.05,1,0,0,1,0.4326923076923077,0.1074131857684385,0.0,
886,0,3,39.0,0.0,0,29.125,0,0,1,0,0.7019230769230769,0.4437459624830881,0.0,
887,0,2,27.0,0.0,0,13.0,1,0,0,1,0.47115384615384615,0.1980668673744256,0.0,
888,1,1,19.0,0.0,0,30.0,0,0,0,1,0.3173076923076923,0.4570773862486745,0.0,
889,0,3,28.0,1.0,0,23.45,0,0,0,1,0.49038461538461536,0.35728215691771387,0.4,
890,1,1,26.0,0.0,0,30.0,1,1,0,0,0.4519230769230769,0.4570773862486745,0.0,
891,0,3,32.0,0.0,0,7.75,1,0,1,0,0.5673076923076923,0.11807832478090757,0.0,
